:020000041000EA
:1000000000B5324B212058609868022188439860DF
:10001000D860186158612E4B002199600221596106
:100020000121F02299502B49196001219960352056
:1000300000F044F80222904214D00621196600F024
:1000400034F8196E01211966002018661A6600F04E
:100050002CF8196E196E196E052000F02FF8012189
:100060000842F9D1002199601B49196000215960AB
:100070001A491B48016001219960EB211966A021F2
:10008000196600F012F800219960164914480160C1
:100090000121996001BC002800D000471248134993
:1000A000086003C880F30888084703B5996A0420EC
:1000B0000142FBD001200142F8D103BD02B5186610
:1000C0001866FFF7F2FF186E186E02BD00000240BE
:1000D000000000180000070000035F00212200005C
:1000E000F4000018222000A00001001008ED00E03C
:1000F00000000000000000000000000074B24E7A12
:1001000000200420F7010010CB010010CD010010E9
:10011000C9010010C9010010C9010010C901001077
:10012000C9010010C9010010C9010010CF01001061
:10013000C9010010C9010010D1010010D301001045
:10014000C1010010C1010010C1010010C101001067
:10015000C1010010C1010010C1010010C101001057
:10016000C1010010C1010010C1010010C101001047
:10017000C1010010C1010010C1010010C101001037
:10018000C1010010C1010010C1010010C101001027
:10019000C1010010C1010010C1010010C101001017
:1001A000C1010010C1010010C1010010C101001007
:1001B000C1010010C1010010C1010010C1010010F7
:1001C000EFF30580103800BE00BE00BE00BE00BECA
:1001D00000BE00BEF2EB887138860110588601100F
:1001E0003802001090A31AE71E481F49086006C88D
:1001F00081F3088810471D480068002801D019487D
:10020000F3E70DA40ECC002902D000F012F8F9E7B4
:100210001749184A002000E001C19142FCD116495B
:100220008847164988471649884700BEFDE701C937
:1002300001C29A42FBD3704758860110C0000020CB
:1002400034280020CCAD0110000004200000042060
:10025000CCAD0110001004200010042000000000AC
:10026000704700000000000008ED00E0000000D032
:10027000342800207448032055FD0010410300106D
:100280004DFD0010F8B5C0460448054B10B583423B
:1002900003D0044B002B00D0984710BD3428002019
:1002A000342800200000000006480749091A8B1076
:1002B000C90FC91810B5491003D0044B002B00D04A
:1002C000984710BD3428002034280020000000008A
:1002D00010B5074C2378002B09D1FFF7D5FF054B4C
:1002E000002B02D0044800E000BF0123237010BDA2
:1002F000D02D002000000000A8680110054B10B5AB
:10030000002B03D00449054800E000BFFFF7CCFFF5
:1003100010BDC04600000000D42D0020A8680110C8
:1003200010B504001F210BF0E5F800222000002189
:100330000BF0FAF8002120000BF00AF910BDC046BE
:10034000F0B5DE46454657464E46E0B5192089B021
:100350000BF012F9D02380221B0692045A624E48F9
:100360000FF0C6FE0FF076FE4C480FF0C1FE0CF009
:100370008DFD1A20FFF7D4FF1B20FFF7D1FF00F0FF
:10038000B3F847480FF0B4FE06F06EFC45480FF096
:10039000AFFE08F013FA44480FF0AAFE06F00AFF79
:1003A00001F0A2FC41480FF0A3FE09F019FD002264
:1003B00005243F4B1A7006F047F83E480FF098FEB0
:1003C0003D4D013C210028000FF016FFFA2080006F
:1003D0000BF03CFE002CF4D10A200FF03FFE01226E
:1003E000002136480BF0C6FA354812F033FB09F00D
:1003F000D9FE0122334B344D1A7006AB9C1D334B92
:10040000334E9B46334B344F9A46344B0493344B14
:10041000059300239846334B994609F0DFFE434687
:100420002000238009F0E8FEBA6A2B68D31A4B45F6
:100430001FD92A6000282AD05A46238810680193C1
:100440000DF0E2FD5246029010680DF0DDFD0390C4
:1004500001980DF07CFD02990DF037FD03990DF028
:1004600034FD0DF0B7FD02000B00049801990FF068
:10047000C3FE3378012BD0D108F04CFB3378012B2D
:10048000CBD108F047FB3378012BC6D1F4E70598B0
:100490000FF02EFEEDE7C046A8680110B868011005
:1004A000C4680110D0680110E0680110F068011004
:1004B0005C480320006901100C69011048470320C3
:1004C0005D8D00105B4803202C260320E0230320D1
:1004D000604803205024032000400540206901109B
:1004E0004869011040420F00092370B586B005939A
:1004F00004330493023B0393013B0293023B324DCE
:10050000324C0193324B22003249334800932B0086
:1005100005F054FC142005F04DFCFA2080000BF08F
:1005200095FD2E4E21003200280005F065FE33783F
:10053000682B08D02A4C20000FF0DAFDFA2080004A
:100540000BF084FDF7E773783D2BF3D101222100F6
:10055000280005F075FE234E32002100280005F02A
:10056000A7FE3378002BF7D101222100280005F0E7
:1005700025FD0121200005F003FD0321200005F0E9
:100580008FFC0321280005F0C5FD1321200005F094
:10059000FDFE1221200005F037FF0021200005F0AC
:1005A00015FF0321200005F09FFE0221200005F029
:1005B000B7FE5521200005F091FC1821280005F018
:1005C0003FFD06B070BDC046D8220320543600203F
:1005D00040420F00A8210020B02100201048032035
:1005E0005869011071480320F0B5C646334C344EAB
:1005F000344D22003100280000B505F00FFE63786D
:10060000DB439B0720D023781B0702D480BCB8466D
:10061000F0BD2D4C0622002120000DF0C9FE210066
:10062000280005F0CDFD0023E05E05F02FFC274DEE
:1006300028600223E05E05F029FC68600423E05E88
:1006400005F024FCA860E1E7214B0622984618003B
:1006500000210DF0ADFE1F4F0622002138000DF0E5
:10066000A7FE4146300005F08FFD3900300005F04F
:100670006FFD43460020185E05F0F4FB4346164E1E
:1006800030600220185E05F0EDFB434670600420E8
:10069000185E05F0E7FBB0600023F85E05F0ECFBA8
:1006A0000E4E30600223F85E05F0E6FB7060042316
:1006B000F85E05F0E1FBB060A5E7C0465C3D0320B5
:1006C00054360020D8220320642D032064320320F6
:1006D000542D03205C2D0320EC2B0320FC2B032046
:1006E000F0B54546DE4657464E46E0B58BB0049021
:1006F0001500080001920321DC172140C9188A1057
:1007000091008946002900DC8CE01599159C890030
:100710008A4614990892091B491B89008C46416836
:1007200052460C01A0468C0007944C006418CF0080
:10073000A90005680591AB4659440E0000210292BC
:1007400062460695B4460025079E8B460790CA462A
:100750000800A400009103920993029B9946019B13
:100760004844002B17DD0499830089464B44814699
:10077000069A5A4411681960A918885904325860B9
:10078000C85998600959D96010336245F2D1059B68
:10079000484699464844039B42469946009B484434
:1007A00004330093C3444644AD1A47444444C4440C
:1007B0009A45D2DCD1460100089A0798099B4B451F
:1007C00029DD149C159D0668671B019C40683F1B32
:1007D000002C20DD850050430001AC463618A200F5
:1007E00020003C000D0004996746884615999A46FA
:1007F0008B464B46A446814600215D44AC004444F0
:100800007058605004319142FAD14D44013365442F
:10081000F6199A45F0D10BB0F0BCBB46B246A946DA
:10082000A046F0BD0021CAE7F0B5CE4647469C463B
:1008300080B5002B1ADD002A18DD930098460300CE
:100840000868002581464C68D2004344A400574202
:1008500041465E1A3100AA004A441068121901C1CB
:100860008B42FAD10135F31B6545F1D1C0BCB946C5
:10087000B046F0BDF0B557464E46DE464546E0B5BB
:1008800091B00D910F92110000220A6002680C9045
:100890000B9282680A920022089205329146CA465B
:1008A000063A0E92052352469F1A089B0A9C9C46C4
:1008B0007C430B9BA40064449C46644426686568A2
:1008C00076006D0076086D08311C281C0DF03AFB8F
:1008D000012353449946002800D15AE153462E1C67
:1008E0000125012B00D1A4E1A368311C5B005B084A
:1008F000181C98460DF026FB002800D169E14B46F4
:1009000046460225032B00DCA2E1E368311C5B00B4
:100910005B08181C98460DF015FB002800D15DE11E
:100920004B4646460325042B00D19FE12369301C2A
:100930005B005B08191C98460DF0FEFA002800D1F8
:1009400051E14B4646460425062B00D096E16069EE
:10095000311C400040080DF0F5FA002800D11DE1DF
:100960000A2352469C1A0D9B089A9C500623524615
:100970009D1AA8460C9B9B680A930B9AA300944669
:10098000100063441968089C1259A44601510100E3
:100990001A600A9A6144920089189B1808681C68BA
:1009A0000C60186089189B1808681C680C60186037
:1009B00089189B1808681C680C60186089189B18B7
:1009C00008681C680C60186089189B1818680A6809
:1009D00008601A600F9A1368013313600C9B0B9A1E
:1009E0009B680A937B43DF19BF005B19BE589C00CC
:1009F00017193868311C0DF054FA53463860012B32
:100A00002CD00B9B27009C4667447868311C0DF066
:100A100048FA53467860022B20D00B9B27009C4657
:100A20006744B868311C0DF03CFA5346B860032B9C
:100A300014D00B9B27009C466744F868311C0DF0CE
:100A400030FA5346F860052B08D10B9A27009446DC
:100A500067443869311C0DF024FA386147460A9A18
:100A60000899574392008C4605920B9ABB00914619
:100A70006344EF19BF009C460693231D99443B1D18
:100A800001932300904608331600984408236644D7
:100A90009C46BC4463460293230094460C33634453
:100AA00007930C239C46BC446346934694460393A9
:100AB0001023A344103464449C46BC44634604930E
:100AC0005B46306819681500099414000DF0FDF9B3
:100AD000011CE8590DF0DFF95346E851012B00D114
:100AE00086E00025BA462F001D000DE0069B306809
:100AF000F41A5B4619680DF0E8F95346011CE058FA
:100B00000DF0C9F95346E0504B46306819680DF0B6
:100B1000DCF9019B011CE0580DF0BDF9019BE05090
:100B2000022D27D04346306819680DF0CEF9029B9C
:100B3000011CE0580DF0AFF9029BE050032D19D0D5
:100B4000079B306819680DF0C0F9039B011CE05841
:100B50000DF0A1F9039BE050052D0BD1099B3168E5
:100B600018680DF0B2F9049B011CE0580DF093F9E0
:100B7000049BE050059B01379C466644BD42B5D1BD
:100B800001235B429C46AA46089BE2440433089337
:100B900088E653460025012B00D0A5E60D9B089A58
:100BA0007C199C50062352469D1A0C9B00219B6881
:100BB000301CA8460A930DF0B7F9002844D00A9BD0
:100BC0007B435B199C000E9B013300D046E70E97D8
:100BD00044E74B46032B00DD97E6DFE74B46042B4B
:100BE00000D0A3E6DAE74B46062B00D1AFE6D5E707
:100BF000069BD1469A46059B002498460BE0534637
:100C0000F51A5B46306819680DF05FF9011CE85968
:100C10000DF041F9E85101344644A145EFD10523D7
:100C20000D9A536111B0F0BCBB46B246A946A0462E
:100C3000F0BD05210D9B089A052499500C9B0435A5
:100C40009B680A9305239846BC4200D1C6E694E609
:100C500053460724089AE41A0D9B04359C505346CA
:100C6000ED1A0C9BA8469B680A93EDE753460824AF
:100C7000089AE41A0D9B03359C50F0E7534609246B
:100C8000089AE41A0D9B02359C50E8E7F0B55746E8
:100C9000DE464E464546E0B59BB0070026981593C4
:100CA000279B451C00D124985D1C00D1249B032563
:100CB000259CA446E617354007266544AD10AC00D8
:100CC0000C94249CB443159E002E00DC97E2049102
:100CD0001901119128998000090151181791611E7D
:100CE000C9081690480183469800109028986B43D5
:100CF00084469B0063449B00D518002301310A936E
:100D0000CB0113935B46009418931995189B2033DD
:100D10000E930C9B002B00DC84E20F97049A0024B6
:100D200094460E9B63441293179B019321000A98EB
:100D30000F9B84460CCB5943614489008A46611C51
:100D40005943614489008946A11C59439346614433
:100D500089008846E11C4B4363449B009B44009BF5
:100D6000019E924491449044002B00DC4EE2002509
:100D70000023049F0895079506950995059502950A
:100D800003950B933B683168181C0D930DF09DF88B
:100D900003990DF083F8716803900D980DF095F8A4
:100DA00002990DF07BF8B16814900D980DF08DF854
:100DB00005990DF073F8F16805900D980DF085F820
:100DC00009990DF06BF809907B683169181C029342
:100DD0000DF07BF806990DF061F8716906900298A4
:100DE0000DF073F807990DF059F8B1690790029862
:100DF0000DF06BF808990DF051F8F1690890029820
:100E00000DF063F8291C0DF049F80290BD68316AB5
:100E1000281C0DF05AF803990DF040F8716A039000
:100E2000281C0DF052F814990DF038F8B16A0D90A5
:100E3000281C0DF04AF805990DF030F8F16A05907C
:100E4000281C0DF042F809990DF028F80990FD686A
:100E5000316B281C0DF039F806990DF01FF8716BF5
:100E60000690281C0DF031F807990DF017F8B16BBA
:100E70000790281C0DF029F808990DF00FF8F16B78
:100E80000890281C0DF021F802990DF007F8029047
:100E90003D69316C281C0DF018F803990CF0FEFF29
:100EA000716C0390281C0DF010F80D990CF0F6FFF2
:100EB000B16C0D90281C0DF008F805990CF0EEFFB0
:100EC000F16C0590281C0DF000F809990CF0E6FF74
:100ED00009907D69316D281C0CF0F7FF06990CF024
:100EE000DDFF716D0690281C0CF0EFFF07990CF0E8
:100EF000D5FFB16D0790281C0CF0E7FF08990CF0A6
:100F0000CDFFF16D0890281C0CF0DFFF02990CF06A
:100F1000C5FF1490BD69316E281C0CF0D6FF0399F3
:100F20000CF0BCFF716E0390281C0CF0CEFF0D99E5
:100F30000CF0B4FFB16E0290281C0CF0C6FF0599AE
:100F40000CF0ACFFF16E0590281C0CF0BEFF099967
:100F50000CF0A4FF0990FD69316F281C0CF0B5FF5F
:100F600006990CF09BFF716F0690281C0CF0ADFFEA
:100F700007990CF093FFB16F0790281C0CF0A5FFA8
:100F800008990CF08BFFF16F0890281C0CF09DFF66
:100F900014990CF083FF051C803620370B9B009AB8
:100FA00008330B939A4200DDECE6019B139E9C46AE
:100FB0000399069866440CF071FF02990390079814
:100FC0000CF06CFF0599029008980CF067FF0999E6
:100FD000071C281C0CF062FF129B051C0593249A29
:100FE000009B9A422FDD0693059B316804CB101CB1
:100FF000059307920CF069FF011C03980CF04EFF5B
:101000007168039007980CF060FF011C02980CF0C7
:1010100045FFB168029007980CF057FF011C381C7F
:101020000CF03CFFF168071C07980CF04EFF011C08
:10103000281C0CF033FF051C069B249A0133103644
:1010400006939A42D0D14B46029918680CF023FFC0
:1010500053460399061C18680CF01DFF5346186090
:101060004B461E605B46291C18680CF014FF434673
:10107000051C391C18680CF00EFF4346119A1860C5
:101080005B4694461D60019B0434634401930C9BB2
:10109000A34200DD4AE61A00259B934200DCC7E02C
:1010A0000F9F0E9A049B944663440293199B0C9ED7
:1010B00098463B0037004646984643460A9A5B6886
:1010C000944642467B43146863449B00E418009BAB
:1010D0003500002B00DCA0E0049B994600239A46D3
:1010E00000239B464B46296818680CF0EEFE5946D3
:1010F0000CF0D4FE83464B46696858680CF0E5FE58
:1011000059460CF0CBFE83464B46A96898680CF014
:10111000DCFE59460CF0C2FE83464B46E968D868AF
:101120000CF0D3FE59460CF0B9FE83464B462969B4
:1011300018690CF0CAFE59460CF0B0FE83464B46C7
:10114000696958690CF0C1FE59460CF0A7FE834648
:101150004B46A96998690CF0B8FE59460CF09EFE02
:1011600083464B46E969D8690CF0AFFE59460CF04E
:1011700095FE834620239C462035E144183B9C463F
:10118000009BE244534500DDACE70E9B9D19029B9A
:101190000193249A009B9A4217DD9A4600239946B0
:1011A0004B464A46E958019B98580CF08EFE011CAC
:1011B00058460CF073FE834601239C460333E244F9
:1011C0009C46249BE1445345EAD1206859460CF0E3
:1011D00062FE109B01379C46259B20606644BB4203
:1011E00000D06AE747461699049A8C460A9B6244E7
:1011F0000492159A01330A939A4200D086E51BB0F7
:10120000F0BCBB46B246A946A046F0BD0025049BF3
:101210002F1C059302950395E1E6049B019300239F
:101220009B46B6E71A00259B934200DD39E7DAE7D3
:101230001699049A8C460A9B62440492159A0133CB
:101240000A939A4200D069E5D9E7C046F0B55746FF
:10125000DE464E464546E0B513689BB006AF9A465B
:1012600078633962002B00D10CE15668002E00D162
:1012700012E1954D280011F019FC944C002800D083
:1012800017E1602160680BF08BFF83109B00042B3B
:1012900000DA04230622554693461C0000227E6194
:1012A0005B463B63A34500DD3C6353009B1859003C
:1012B000B9617969DB008C469C4461467962396A80
:1012C0000626894699443B6B3C619C4694446346A0
:1012D0003B645B463400AB46FB60BA62BC63042CE3
:1012E00000DC91E00423BB634B46A046FB61434610
:1012F000BA6B9C1A9B00043B99464346551E7A6B79
:101300005B0092463A6A434494465B00063B1B19D5
:101310009B009A44BB694E461B199B006344FB62C9
:10132000A3005B42FB635B46BB604346AB467B600E
:101330003C60FE207A6BF3009B1BD15880050CF0BB
:10134000B0FDBD6AB1462E00FC6A7864FB6B4A466C
:101350009846A0444346786C99580CF0B6FD434635
:101360004A4698505B46051C002B22DD53461968FF
:101370000CF0ABFD011C20680CF08DFD5B4620607D
:10138000012B16D05346281C59680CF09EFD011CF9
:1013900060680CF080FD5B466060022B09D053460C
:1013A000281C99680CF091FD011CA0680CF073FDDD
:1013B000A0603B6C01361834B342C7DC18235B4293
:1013C0009C464E465B46043EE244013B01D39B46AD
:1013D000AFE7BB6848219B467B683C689846FB6A40
:1013E0007918BB640623FB64019400933B6BBA6BD2
:1013F000786AFFF775F9002C0ADC4346022B2FD0E0
:1014000002239846BB6372E74B46A046FB616EE73A
:1014100026007A6BFB699446BA6B482106259946EB
:101420004446904673009B19DB0063445846BB64F6
:1014300079183300FD64FFF7F7F943464946482021
:10144000B964FD640293049603953A6B009301928C
:10145000330059467A6A3818FFF718FC043C3DE718
:101460003C69FB68BA6A1B1B12195D469B46052A3C
:1014700000DC15E7BD4615B0F0BCBB46B246A94638
:10148000A046F0BD0F21A8B027336B4456688B43AC
:101490009A46002E00D0ECE60F220B4DA8B027365E
:1014A00028006E44964311F001FB084C002800D13F
:1014B000E7E68023DB012360802328001B036360B1
:1014C000A36011F00FFBDCE6D425032030260320B7
:1014D000F0B55746DE464E464546E0B5136897B030
:1014E00006AFF861B9617B62002B00D1E1E053687F
:1014F0009846002B00D1E7E0834D280011F0D6FA82
:10150000824C002800D0EDE0602160680BF048FEBE
:101510008510AD00042D00DA042506239A46002329
:1015200056467E63AE4200DD7D635A00D2185100FC
:10153000D2003961110041443962796BBD6089463E
:10154000B96999448C4662443A6300229246424605
:1015500054469A46FA607E6006231B1B1E007B6180
:10156000042B00DD0426731E9B46FB69E2009846AF
:10157000121B920090443A6B3C605B461500544647
:10158000002B3DDDB2462600FC62BA6243462C6861
:101590005968201C0CF099FC011C68680CF07BFC5D
:1015A0005B466860012B16D04346201C99680CF0FE
:1015B0008CFC011CA8680CF06EFC5B46A860022B3A
:1015C00009D04346201CD9680CF07FFC011CE86858
:1015D0000CF061FCE86001361835B145D6DCFB6AD9
:1015E00056469A4601235B429C461D33E3449C4683
:1015F0005B46BA6A544604321500E044002BC1DC55
:10160000013B00D379E07B6938219D1B3B6B3C6833
:10161000BB630623FB630194009332007B6B386A43
:101620007918FFF75DF8002D2ADDA3199846FA69AD
:10163000630094461B195B0043449B006344BB63F7
:1016400038210623786A3200FB6379182B00834621
:10165000FFF7EAF83A69382042449300BA695946DC
:1016600094466344BB630623FB630494039302968E
:101670007B6B009601933A6A2B003818FFF706FB44
:101680003B6B10333B63002C01D1042464E7FB68FF
:10169000BD68984653467E685B19761B052B00DCB7
:1016A0003FE7BD4611B0F0BCBB46B246A946A046D6
:1016B000F0BD0F21A8B027336B448B437B62536886
:1016C0009846002B00D017E70F220F4DA8B0273304
:1016D0006B4493432800984611F0E8F90B4C00281E
:1016E00000D111E78023DB012360802328001B0346
:1016F0006360A36011F0F6F906E79B461C239C4645
:101700000432E04439E7C046D425032030260320C4
:10171000F0B5DE4657464E464546E0B5E04AE14B59
:101720008BB0176818600C1CDF4B51681F60596044
:10173000DE4B88469B460890594658461E684D68C1
:10174000DB4B8968C0681E605D609960D860D94BCA
:10175000069205905A689868049101901968009261
:10176000DB68381C029303910CF0AFFB01998146B2
:1017700040460CF0AAFB011C48460CF08FFBCE4BF8
:1017800081461968201C9A460CF09FFB011C4846B4
:101790000CF084FBC94B009918600790381C9946DF
:1017A0000CF093FB0299071C40460CF08EFB011CC9
:1017B000381C0CF073FB5346071C5968201C0CF0B6
:1017C00084FB011C381C0CF069FB4F4603990990FF
:1017D0007860301C0CF079FB019F041C391C281C1C
:1017E0000CF073FB011C201C0CF058FB009A041C2D
:1017F000111C301C91460CF068FB029A061C111C4F
:10180000281C90460CF061FB011C301C0CF046FBC0
:101810000399824604980CF058FB391C051C059866
:101820000CF053FB011C281C0CF038FB4D463E1CF1
:10183000291C071C04980CF048FB4246051C111C8F
:1018400005980CF042FB011C281C0CF027FB80467D
:101850000398211C81460CF038FB391C051C301CF8
:101860000CF033FB011C281C0CF018FB944E316863
:101870000CF014FB934D51460390286048460CF041
:1018800024FB4146814601980CF01FFB011C484691
:101890000CF004FB71680CF001FB211C01906860E6
:1018A00000980CF012FB391C029F041C381C0CF031
:1018B0000CFB011C201C0CF0F1FAB1680CF0EEFAE4
:1018C0005146041CA86000980CF0FFFAB946414646
:1018D000071C48460CF0F9FA011C381C0CF0DEFA23
:1018E000F1680CF0DBFAE860774D071C2E6803986E
:1018F000311C0CF0EAFA6D688146291C381C0097EF
:101900000CF0E3FA291C804601980CF0DEFA4946F7
:101910000CF0C4FA311C0CF0D8FA311C071C201C46
:101920000CF0D3FA41460CF0B9FA291C0CF0CDFAB0
:10193000011C381C0CF0B2FA644B19680CF0AEFABA
:10194000634B071C1860291C201C0CF0BEFA49468A
:101950000CF0A4FA391C0CF0A4FA5E4981468A46C0
:1019600008600198311C0CF0B0FA41460CF096FA70
:10197000391C0CF096FA5146804648600798311C95
:101980000CF0A3FA099B071C291C181C9A460CF0A2
:101990009CFA011C381C0CF081FA011C08980CF010
:1019A0007AFA4946071C0CF090FA07990CF076FA7F
:1019B000069A41461060381C0CF087FA51460CF02C
:1019C0006DFA069A82465060311C48460CF07DFA4A
:1019D000414F011C38680CF05EFA311C0290404601
:1019E0000CF073FA011C78680CF055FA291C061CDF
:1019F00048460CF06AFA011CB8680CF04CFA291C35
:101A0000814640460CF061FA011CF8680CF043FA7C
:101A10000299051C03980CF058FA019F804649462C
:101A2000381C0CF052FA011C40460CF037FA5A46AA
:101A3000311C106003980CF048FA291C8046381CB1
:101A40000CF043FA011C40460CF028FA5B46029960
:101A50005860201C0CF039FA009B4946071C181CE2
:101A600098460CF032FA011C381C0CF017FA5B4651
:101A7000311C9860201C0CF028FA291C041C4046DC
:101A80000CF023FA011C201C0CF008FA5B46D8600D
:101A900050460BB0F0BCBB46B246A946A046F0BDCE
:101AA000343C03203C4803200C32032080290020D2
:101AB000C0290020E0290020442D0320443C0320BD
:101AC000D0280020A0290020583C032018240320FF
:101AD0000032032060360020002A0020F0B5DE46E8
:101AE00057464E464546E0B56A4B85B0596898461C
:101AF0000CF0D1F9684B041C1860684B99461B68C0
:101B00009B46674B59461D680CF0C8F9291C0CF020
:101B1000DCF9644B061C1868011C0CF0BFF9011CB1
:101B2000301C0CF0BEF9604E31680CF0B7F95F4B19
:101B3000019030601868011C0CF0B0F95C4B029009
:101B40001F68391C0CF0C1F98246011C281C0CF0DE
:101B5000A5F9291C061C50460CF09DF9554A116840
:101B600092460CF0B2F9311C0CF09BF9391C039031
:101B7000381C0CF093F95946071C201C0CF08BF90B
:101B8000011C381C0CF0A1F9311C0CF08AF9011C65
:101B900003980CF083F9524601991060061C201C32
:101BA0000CF07CF9311C0CF079F9434B19680CF0FE
:101BB0008CF9424B1860424B18604B461C60434600
:101BC00019680CF068F93F4B041C18603E4B9946AD
:101BD0001B68191C9A460CF061F9291C0CF075F968
:101BE0003A4B071C1868011C0CF058F9011C381CF2
:101BF0000CF057F9364B984619680CF04FF94346EC
:101C00001860344B071C1B680298191C98460CF08E
:101C10005CF90190011C281C0CF040F941468346F8
:101C200040460CF03BF951468046201C0CF033F93D
:101C3000011C40460CF049F959460CF032F9291CB8
:101C4000804601980CF027F9311C0CF03EF95946FA
:101C50000CF027F9011C40460CF020F91E4B051C26
:101C60001860391C201C0CF019F9291C0CF016F90D
:101C70001A4B19680CF029F9194B1860194B1860A8
:101C80004B461C6005B0F0BCBB46B246A946A04618
:101C9000F0BDC046343C0320BC2D03200432032099
:101CA000DC210020E8210020F8310320D021002091
:101CB00078360020A02D0320EC2100209C47032033
:101CC0008C470320C02D032008320320E021002090
:101CD000FC3103207C360020A42D0320E4210020C9
:101CE000A0470320CC470320F8B5FE250024194B5C
:101CF000AD051D609C605C60DD60174B174F1D607B
:101D00009C605C60DD60164B1E68164B301C1968C9
:101D10000CF0C7F8144B38601D605C609C60DD609F
:101D2000124B7C601D605E609C60DD60104B1C602F
:101D30005D60104B104D1868011C0CF0C6F80F4A7E
:101D40000F4B126828601A600E4A9C6012685C6033
:101D5000DA60F8BD80290020A0290020442D03204E
:101D6000DC210020D8210020002A0020E0290020CA
:101D7000583C0320D42100201824032008240320E9
:101D8000D028002004240320F0B5DE4657464E46F6
:101D90004546E0B50E0001688DB089464168876808
:101DA0008B460569C168089343698069049107906F
:101DB00011685068926809910A90291C30680B924A
:101DC000069305950CF067F80699824670680CF04A
:101DD00062F80799051CB0680CF05DF88046089819
:101DE0000CF0F8F880231B06534400900191180072
:101DF00059460CF06AF8391C061C281C03970CF095
:101E000064F8011C301C0CF046F80499061C40468E
:101E10000CF05BF8011C301C0CF03DF80CF0DAF80B
:101E20000022684B169C0BF026FC009A019B0BF0DD
:101E300022FC060048460F000CF0CCF802000B0014
:101E4000300039000BF0F0FB0BF0CCFC4946206071
:101E500050460CF03AF80399061C40460CF035F851
:101E6000011C301C0CF01AF80499061C281C0CF0FC
:101E70002CF8011C301C0CF00EF80CF0ABF8002212
:101E8000504B0BF0F8FB009A019B0BF0F4FB0600A3
:101E900058460F000CF09EF802000B00300039008D
:101EA0000BF0C2FB0BF09EFC49466060281C0CF056
:101EB0000CF85946061C40460CF007F8011C301C73
:101EC0000BF0E9FF0499061C50460BF0FEFF011CC5
:101ED000301C0BF0E3FF0CF07DF80022394B0BF0C7
:101EE000CAFB009A019B0BF0C6FB060003980F008B
:101EF0000CF070F802000B00300039000BF094FB7E
:101F00000BF070FC4946A06040460BF0DEFF5946DE
:101F1000061C281C0BF0D9FF011C301C0BF0BEFF67
:101F20000399051C50460BF0D0FF011C281C0BF038
:101F3000B2FF0CF04FF80022224B0BF09CFB009AF2
:101F4000019B0BF098FB060004980F000CF042F880
:101F500002000B00300039000BF066FB0BF042FC76
:101F6000059B0999E060181C98460BF0AEFF089D90
:101F7000291C0BF0AAFF011C40460BF08CFF069FAA
:101F80000A992061381C0BF0A0FF291C0BF09DFF63
:101F9000011C381C0BF07FFF079E0B996061301C01
:101FA0000BF093FF291C0BF090FF011C301C0BF071
:101FB00072FFA06100200DB0F0BCBB46B246A9463E
:101FC000A046F0BD0000E03FF0B5DE4657464E4665
:101FD0004546E0B5C568466893B00468876888469A
:101FE000301C291C934602930BF06FFF8146391C6D
:101FF000201C0BF06AFF4A460890011C101C059239
:102000000BF049FF0BF0E6FF02000B000BF00CFB9E
:102010000690079158460BF0DDFF02000B00069872
:102020000799009201930BF026FB0BF0DBFB434674
:10203000291C1860381C0BF048FF8146311C201CFD
:102040000BF043FF4B460C90011C181C09930BF03E
:1020500025FF0BF0BFFF02000B000BF0E5FA0200BA
:102060000B00009801990A920B930BF004FB0BF004
:10207000B9FB4346211C5860201C0BF026FF81460B
:10208000311C301C0BF021FF4B460E90011C181C1C
:102090000D930BF000FF391C0F90381C0BF015FF4F
:1020A000291C8246281C0BF010FF814651460F98D0
:1020B0000BF0F1FE49460BF0F1FE594610900BF083
:1020C00004FF4346391C9860301C0BF0FEFE291CAF
:1020D0008346201C0BF0F9FE11901C980BF07AFF40
:1020E00006001D980F000BF075FF009001910E99EE
:1020F0000D980BF0D3FE51460BF0CDFE49460BF088
:10210000CAFE02990BF0E1FE0BF064FF04000D0023
:10211000584611990BF0C2FE0BF05CFF02000B0059
:102120000BF082FA32003B000BF0A5FA02000B0024
:10213000200029000BF078FA009A019B04000D00A2
:10214000069807990BF097FA02000B00200029006F
:102150000BF06AFA0BF046FB4346D86002980BF08E
:1021600039FF04000D00584611990BF094FE0BF056
:1021700031FF02000B000BF057FA22002B000294F3
:1021800003950BF078FA04000D000F9851460BF000
:1021900085FE49460BF07FFE1C990BF096FE0BF076
:1021A00019FF02000B00200029000BF03DFA009AF5
:1021B000019B04000D000A980B990BF05CFA0200D9
:1021C0000B00200029000BF02FFA0BF00BFB43460D
:1021D0000899186105980BF061FE0BF0FBFE0200F8
:1021E0000B000BF021FA029A039B0BF044FA040057
:1021F0000D0009980C990BF04EFE0BF0EBFE02005F
:102200000B000BF011FA32003B000BF034FA020025
:102210000B00200029000BF007FA04000D001098B5
:102220001D990BF052FE0BF0D5FE02000B002000B2
:1022300029000BF0F9F90BF0D5FA4346586100205C
:1022400013B0F0BCBB46B246A946A046F0BDC0469E
:10225000F0B5DE4657464E464546E0B50700101C31
:102260004A68994690460B688A688BB0CE68934658
:1022700006930BF0AFFE040058460D000BF0AAFECB
:10228000C02300221B060BF0F6F922002B000BF0F6
:10229000F2F9009001910BF0A5FA07903860301C1C
:1022A0000BF098FE02000B000BF0BEF922002B0091
:1022B0000BF0E1F90BF096FA8246B86106980BF044
:1022C00089FEC02300221B060BF0D5F922002B004B
:1022D0000BF0D1F902000B00029203930BF082FA8B
:1022E000386340460BF076FE02000B000BF09CF9C1
:1022F00022002B000BF0BFF980250C0003002D06F7
:102300000493059400240BF06DFA9023AC46039AD5
:10231000B8643C66BC67FC50029B62441100786064
:1023200018000BF05FFA009B051CF8611800802371
:1023300052461B069C467A63019A624411000BF0D8
:1023400051FA9423F8647C66FC67FC50BD608025DC
:102350002D06AC46059A049B6244110018000BF050
:1023600041FA079B5246BB6380233A653862BC66DC
:10237000FC501833FC50069B4946181C9A460BF03B
:10238000A4FD14990290301C0BF09FFD1599049048
:1023900058460BF09AFD0499051C02980BF07EFD3F
:1023A000291C07950BF077FD011C0BF077FD4946C2
:1023B0000890F86040460BF088FD1499051C5846BB
:1023C0000BF083FD011C281C0BF068FD1599051C02
:1023D000301C0BF07AFD011C281C0BF05FFD8025E2
:1023E000011C0BF05BFD2D065D44494600907862B0
:1023F00028000BF06AFD1499051C40460BF065FDA2
:10240000534683461599181C0BF05FFD82465946CA
:10241000281C09950BF042FD51460BF03CFD802530
:10242000011C0BF03BFD2D064946F86370190BF0BB
:102430004CFD1499051C06980BF047FD1599814633
:1024400040460BF042FD4946061C281C0BF026FDB9
:10245000311C0BF023FD011C0BF020FD842378655B
:10246000FC66FC501833FC5038618020000684461E
:10247000099A5946624410000BF00DFD51460BF0CD
:102480000DFD011C0BF00AFD802212069446009BF4
:102490008246B86202983B64604404990BF0FBFCEE
:1024A00007990BF0FBFC011C0BF0F8FC8823802142
:1024B000B86550463C670906FC501833FC507861FB
:1024C000681849460BF0E7FC311C0BF0E4FC011CDA
:1024D0000BF0E4FC009BF862FB658C230020089A5B
:1024E0007C677A64FC501833FC500BB0F0BCBB46E0
:1024F000B246A946A046F0BDF0B557464E46DE4668
:102500004546E0B5EFB00B000AA98C46D7226244DD
:10251000120915019A685E680D920EAA9246C422AD
:102520009446B44462460192942293460C329146FA
:1025300052460395554682461F6802920493F168FD
:10254000B86C0BF0C2FC3169041C386E0BF0BDFC9A
:10255000011C201C0BF0A2FC7169041CB86F0BF06D
:10256000B4FC9023B1698046F8580BF0AEFC011C16
:1025700040460BF093FC011C201C0BF08FFC716893
:10258000041CB8690BF0A1FCB1688046386B0BF0F5
:102590009CFC011C40460BF081FC31688046386889
:1025A0000BF093FC011C40460BF078FC011C201C36
:1025B0000BF074FC2860F168F86C0BF086FC316954
:1025C000041C786E0BF081FC011C201C0BF066FCD7
:1025D0007169041CF86F0BF078FC5B46B1698046AA
:1025E000F8580BF072FC011C40460BF057FC011C24
:1025F000201C0BF053FC7168041CF8690BF065FC9F
:10260000B1688046786B0BF060FC011C40460BF013
:1026100045FC3168804678680BF057FC011C404649
:102620000BF03CFC011C201C0BF038FC6860F168CE
:10263000386D0BF04AFC3169041CB86E0BF045FC98
:10264000011C201C0BF02AFC80237169041CF85823
:102650000BF03BFC9823B1698046F8580BF035FC31
:10266000011C40460BF01AFC011C201C0BF016FC50
:102670007168041C386A0BF028FCB1688046B86B9E
:102680000BF023FC011C40460BF008FC316880462F
:10269000B8680BF01AFC011C40460BF0FFFB011C54
:1026A000201C0BF0FBFBA860F168786D0BF00DFCB3
:1026B0003169041CF86E0BF008FC011C201C0BF0A7
:1026C000EDFB84237169041CF8580BF0FEFB9C237E
:1026D000B1698046F8580BF0F8FB011C40460BF03E
:1026E000DDFB011C201C0BF0D9FB7168041C786A0F
:1026F0000BF0EBFBB1688046F86B0BF0E6FB011CBE
:1027000040460BF0CBFB31688046F8680BF0DDFBF0
:10271000011C40460BF0C2FB011C201C0BF0BEFB51
:10272000E860F168B86D0BF0D0FB3169041C386FBC
:102730000BF0CBFB011C201C0BF0B0FB8823716954
:10274000041CF8580BF0C1FB4B46B1698046F858A1
:102750000BF0BBFB011C40460BF0A0FB011C201C36
:102760000BF09CFB7168041CB86A0BF0AEFBB168FF
:102770008046386C0BF0A9FB011C40460BF08EFB29
:102780003168804638690BF0A0FB011C40460BF015
:1027900085FB011C201C0BF081FB2861F168F86DA2
:1027A0000BF093FB3169041C786F0BF08EFB011C5E
:1027B000201C0BF073FB8C237169041CF8580BF080
:1027C00084FBA423B1698046F8580BF07EFB011C02
:1027D00040460BF063FB011C201C0BF05FFB716893
:1027E000041CF86A0BF071FBB1688046786C0BF042
:1027F0006CFB011C40460BF051FB31688046786948
:102800000BF063FB011C40460BF048FB011C201C35
:102810000BF044FB019B1C3668611835B34200D0B5
:102820008DE62022029B914654469A46039D0894C9
:10283000A944079554464D4632AA049B0D9E059225
:1028400014AA389606920993A06C236881460193D6
:10285000206E059B8046216B01CBA26903910490F9
:10286000B16C4846029205930BF02FFB316E824605
:1028700040460BF02AFB011C50460BF00FFBA76FE4
:102880008246B16F381C0BF020FB90238346F15831
:1028900004980BF01AFB011C58460BF0FFFA011CC0
:1028A00050460BF0FBFAB169824602980BF00DFB23
:1028B000316B834603980BF008FB011C58460BF064
:1028C000EDFA3168834601980BF0FFFA011C584677
:1028D0000BF0E4FA011C50460BF0E0FA2860F16CB2
:1028E00048460BF0F2FA716E824640460BF0EDFA64
:1028F000011C50460BF0D2FAF16F8246381C0BF0E7
:10290000E4FA94238346F15804980BF0DEFA011C94
:1029100058460BF0C3FA011C50460BF0BFFAF169A0
:10292000824602980BF0D1FA716B834603980BF044
:10293000CCFA011C58460BF0B1FA71688346019835
:102940000BF0C3FA011C58460BF0A8FA011C5046C4
:102950000BF0A4FA6860316D48460BF0B6FAB16E20
:10296000824640460BF0B1FA011C50460BF096FA35
:1029700080238246F158381C0BF0A7FA982383462F
:10298000F15804980BF0A1FA011C58460BF086FA96
:10299000011C50460BF082FA316A824602980BF015
:1029A00094FAB16B834603980BF08FFA011C5846DA
:1029B0000BF074FAB168834601980BF086FA011C9B
:1029C00058460BF06BFA011C50460BF067FAA860F2
:1029D000716D48460BF079FAF16E824640460BF075
:1029E00074FA011C50460BF059FA84238246F158C0
:1029F000381C0BF06AFA9C238346F15804980BF0BC
:102A000064FA011C58460BF049FA011C50460BF0C1
:102A100045FA716A824602980BF057FAF16B8346C9
:102A200003980BF052FA011C58460BF037FAF16884
:102A3000834601980BF049FA011C58460BF02EFA18
:102A4000011C50460BF02AFAE860B16D48460BF0C5
:102A50003CFA316F824640460BF037FA011C504673
:102A60000BF01CFA88238246F158381C0BF02DFA23
:102A7000A0238346F15804980BF027FA011C58460E
:102A80000BF00CFA011C50460BF008FAB16A8246B2
:102A900002980BF01AFA316C834603980BF015FA82
:102AA000011C58460BF0FAF93169834601980BF086
:102AB0000CFA011C58460BF0F1F9011C50460BF0C2
:102AC000EDF92861F16D48460BF0FFF9716F814611
:102AD00040460BF0FAF9011C48460BF0DFF98C2355
:102AE0008046F158381C0BF0F0F9A423071CF1586C
:102AF00004989B460BF0E9F9011C381C0BF0CEF949
:102B0000011C40460BF0CAF9F16A071C02980BF051
:102B1000DCF9716C804603980BF0D7F9011C404634
:102B20000BF0BCF97169804601980BF0CEF9011CDD
:102B300040460BF0B3F9011C381C0BF0AFF9069BB3
:102B40000434686118359C4200D07DE6099B079DDE
:102B5000DE68296A30680BF0A1F9089CA96B206037
:102B600070680BF09BF96060B068296D0BF096F906
:102B7000A060F068A96E0BF091F98027E0603069E1
:102B8000E9590BF08BF998232061E95870690BF033
:102B900085F96061B069696A0BF080F9A061F0693C
:102BA000E96B0BF07BF9E061306A696D0BF076F947
:102BB0002062E96E706A0BF071F984236062E95853
:102BC000B06A0BF06BF99C22A062F06AA9580BF076
:102BD00065F9E062306BA96A0BF060F92063706BF5
:102BE000296C0BF05BF96063B06BA96D0BF056F9C3
:102BF000A063F06B296F0BF051F98822E063A958AC
:102C0000306C0BF04BF9A0212064706C69580BF00C
:102C100045F96064E96AB06C0BF040F9A064696C36
:102C2000F06C0BF03BF9E064306DE96D0BF036F9B8
:102C30002065716D686F0BF031F960658C20B16DA6
:102C400028580BF02BF95B46A065F16DE8580BF0A6
:102C500025F9E065316E286B0BF020F92066716E66
:102C6000A86C0BF01BF96066B16E286E0BF016F9BC
:102C7000A066F16EA86F0BF011F99023E066316F3A
:102C8000E8580BF00BF9A8232067716FE8580BF098
:102C900005F96067B16F686B0BF000F9A067F16F21
:102CA000E86C0BF0FBF8E067F159686E0BF0F6F892
:102CB000E0510437F159E86F0BF0F0F89423E0513C
:102CC0000437F159E8580BF0E9F8AC23E051043728
:102CD000F159E8580BF0E2F8E0516FB0F0BCBB4698
:102CE000B246A946A046F0BDF0B5DE4657464E4670
:102CF00045460400E0B5006961694000490089B0BB
:102D0000490840080BF0CAF8E168490049080BF08F
:102D1000C5F86368A1685B004900051C49085808AC
:102D20000BF0BCF82168490049080BF0B7F8011C0A
:102D3000281C0BF0B3F8E16A071CA06A49004000A8
:102D4000490840080BF0AAF8616A490049080BF0ED
:102D5000A5F8216A051CE0694900400049084008BF
:102D60000BF09CF8A169490049080BF097F8011C89
:102D7000281C0BF093F8616C061C206C4900400085
:102D8000490840080BF08AF8E16B490049080BF04C
:102D900085F8A16B051C606B49004000490840089C
:102DA0000BF07CF8216B490049080BF077F8011C07
:102DB000281C0BF073F8051C011C301C0BF0BCF830
:102DC000002800D1351C291C381C0BF0B5F82E1C2E
:102DD000002800D13E1CA06DE16D4000490049086B
:102DE00040080BF05BF8616D490049080BF056F89C
:102DF000216D051CE06C49004000490840080BF0BB
:102E00004DF8A16C490049080BF048F8011C281C3A
:102E10000BF044F8616F071C206F4900400049081F
:102E200040080BF03BF8E16E490049080BF036F81A
:102E3000A16E051C606E49004000490840080BF077
:102E40002DF8216E490049080BF028F8011C281CB8
:102E50000BF024F888238046E0580433E158400002
:102E60004900490840080BF019F88423E15849004B
:102E700049080BF013F88023051CE158E06F490066
:102E80004000490840080BF009F8A16F49004908C3
:102E90000BF004F8011C281C0BF000F8051C011CA9
:102EA00040460BF049F8002800D14546291C381C43
:102EB0000BF042F8002800D13D1C291C301C0BF0FF
:102EC0003BF8002800D1351CC0232100E55003AA9F
:102ED000BA3B04A8A83106930494FDF7CBFC012368
:102EE0009B465A46C4200025982659469C27039B9A
:102EF0001340013B01321340013B23543438255029
:102F000094356151A2510132E2519D32944661469D
:102F10009C3A6250A03291469F3A90464A464146BA
:102F20002300A1501832A2589033920099180191B1
:102F300009688A46494652466250424601990A60EB
:102F4000B332A2586146920092469A445246615862
:102F500088461168894661464A4662504246514653
:102F60000A60B422E159A2588C4692009A1811685E
:102F7000E15161461160B022A258A75992009A18F7
:102F80001168A1511760AC22A258665992009A1894
:102F9000176867511660A822A25892009B181D68F6
:102FA000225825501A60C5235A46E25409B0F0BC95
:102FB000BB46B246A946A046F0BDC046C02300228B
:102FC00010B5C25000220433C2520B6804000360E3
:102FD0004B6843608B688360CB68C3600B69036197
:102FE0004B6943618B698361CB69C3610B6A03627F
:102FF0004B6A43628B6A8362CB6AC3620B6B036367
:103000004B6B43638B6B8363CB6BC3630B6C03644E
:103010004B6C43648B6C8364CB6CC3640B6D036536
:103020004B6D43658B6D8365CB6DC3650B6E03661E
:103030004B6E43668B6E8366CB6EC3660B6F036706
:103040004B6F43678B6F8367CB6FC3678023CA580F
:10305000C2500433CA58C2500433CA58C250043351
:10306000CA58C250FFF740FE200010BDF0B5DE4642
:103070004E4657464546E0B5214C1500A5443EAAAC
:1030800094460A0036931F4B359063441B091E017A
:103090001B910A96A1AB13CA13C313CA13C31268B8
:1030A00019491A600A68194B3891194937931B68F6
:1030B00001920A6846AC894620000092A1A9154AEF
:1030C000FFF7C6F83EABEB229C463E95A295D20098
:1030D00086256244B4461268ED0065442800A49237
:1030E000A1A970AAA194A394FFF706FA4B460B95E9
:1030F0003500270034946AAA3E9C09920C930BE099
:10310000DCF7FFFF6F020000CC220320D422032053
:10311000D02203200AE81C413B68B86C0293814628
:10312000099B386E396B804601CBBA690993A82395
:103130000691E158049208900AF0C7FE8C23BE6FF6
:10314000E1588246301C0AF0C0FE011C50460AF0CD
:10315000A5FE216F824640460AF0B7FE616D8346A8
:1031600048460AF0B2FE011C58460AF097FE011CC0
:1031700050460AF093FEA16B824606980AF0A5FE1F
:10318000E169834604980AF0A0FE011C58460AF043
:1031900085FE2168834602980AF097FE011C584676
:1031A0000AF07CFE011C50460AF078FEAC23286031
:1031B000E15808980AF089FE90238246E158301CB5
:1031C0000AF083FE011C50460AF068FE616F8246D9
:1031D00040460AF07AFEA16D834648460AF075FE25
:1031E000011C58460AF05AFE011C50460AF056FED1
:1031F000E16B824606980AF068FE216A83460498CD
:103200000AF063FE011C58460AF048FE61688346D6
:1032100002980AF05AFE011C58460AF03FFE011CB3
:1032200050460AF03BFEB0236860E15808980AF067
:103230004CFE94238246E158301C0AF046FE011CE5
:1032400050460AF02BFEA16F824640460AF03DFE32
:10325000E16D834648460AF038FE011C58460AF0E4
:103260001DFE011C50460AF019FE216C824606988C
:103270000AF02BFE616A834604980AF026FE011CC0
:1032800058460AF00BFEA168834602980AF01DFE1C
:10329000011C58460AF002FE011C50460AF0FEFDD1
:1032A000B423A860E15808980AF00FFE98238246DC
:1032B000E158301C0AF009FE011C50460AF0EEFDF0
:1032C000E16F824640460AF000FE216E8346484682
:1032D0000AF0FBFD011C58460AF0E0FD011C5046B7
:1032E0000AF0DCFD616C824606980AF0EEFDA16AE8
:1032F000834604980AF0E9FD011C58460AF0CEFD09
:10330000E168834602980AF0E0FD011C58460AF085
:10331000C5FD011C50460AF0C1FDB823E860E15824
:1033200008980AF0D2FD9C238246E158301C0AF02E
:10333000CCFD011C50460AF0B1FD80238246E158C5
:1033400040460AF0C2FD616E834648460AF0BDFD64
:10335000011C58460AF0A2FD011C50460AF09EFDD1
:10336000A16C824606980AF0B0FDE16A8346049893
:103370000AF0ABFD011C58460AF090FD2169834616
:1033800002980AF0A2FD011C58460AF087FD011CB4
:1033900050460AF083FDBC232861E15808980AF0E2
:1033A00094FDA0238246E158301C0AF08EFD011CDA
:1033B00050460AF073FD84238246E15840460AF0E5
:1033C00084FDA16E834648460AF07FFD011C5846E5
:1033D0000AF064FD011C50460AF060FDE16C824673
:1033E00006980AF072FD216B834604980AF06DFD81
:1033F000011C58460AF052FD6169834602980AF0A2
:1034000064FD011C58460AF049FD011C50460AF0B3
:1034100045FDE16E686148460AF057FD8823814604
:10342000E15840469B460AF050FD011C48460AF010
:1034300035FDA4238046E158301C0AF046FDC02328
:10344000061CE15808980AF040FD011C301C0AF0E7
:1034500025FD011C40460AF021FD616B061C049805
:103460000AF033FD216D804606980AF02EFD011CFE
:1034700040460AF013FDA169804602980AF025FD36
:10348000011C40460AF00AFD011C301C0AF006FD32
:1034900004374CABA8611C359F4200D03CE60C9B26
:1034A0000A9E9946D8239B009C4634000B9D644499
:1034B00029002000FFF782FDA422920094463300E9
:1034C00063442100902218009A460AF077FFC8232F
:1034D0009B009C463400D033644431009C46182243
:1034E000614420000AF06AFFCE239B009C46300016
:1034F000D033310060449C46182261440AF05EFFDC
:10350000D4228421920094463300C90063443200DF
:103510008C46624412687A491A60D5229200944619
:103520003300320063448C4630006244B03012886D
:103530008446FE21C9251A8000232268890592004D
:103540006244AD00116093611363936413669367E3
:10355000AC463200CA25624484461268AD0092002F
:103560006244136091611363936413669367AC467E
:103570003200CB25624484461268AD00920062445A
:10358000136093611163936413669367AC463200D2
:10359000CC25624484461268AD00920062441360F8
:1035A000AC46936113639164136693673200CD2533
:1035B000624484461268AD009200624413609361D5
:1035C0001363936411669367AC4632006244844689
:1035D00034001268A82692006244916721001360AB
:1035E00093611363936413660622062376000F002B
:1035F0008025A4198C46A260E36006237137AD00D4
:103600006544FF37236122008F510A9165600100F4
:10361000029050469846FDF75BFF06220623A26003
:10362000E36042460A9B22619F5122006560029C32
:1036300050462100FDF70AFE0A9BA1AF1A680692C8
:10364000DA6908929A6B09925A6D0A921A6F0B9274
:103650008C229A580C925A680D921A6A0E92DA6B62
:103660000F929A6D10925A6F119290229A5812925C
:103670009A6816925A6A14921A6C1792DA6D189216
:103680009A6F199294229A581A92DA681C929A6A3E
:103690001D925A6C1E921A6E1F92DA6F2092982217
:1036A0009A5821921A692292DA6A23929A6C249289
:1036B0005A6E259280229A5826929C229A582792D6
:1036C0005A6928921A6B2992DA6C2A929A6E2B9276
:1036D00084229A582C92A0229A582D929A692E925E
:1036E0005A6B2F921A6D3092DA6E31925A469A586E
:1036F0003292A4229B5833934B46399302E0C04642
:1037000024040000636862699946A36849469846A4
:10371000E3680898029304920AF0D7FB4146824678
:1037200009980AF0D2FB011C50460AF0B7FB266844
:103730008246311C06980AF0C8FB011C50460AF06C
:10374000ADFB25698246291C0B980AF0BEFB049943
:1037500083460C980AF0B9FB011C58460AF09EFB00
:10376000029983460A980AF0B0FB011C58460AF0F9
:1037700095FB011C50460AF091FB0E9938604846B3
:103780000AF0A3FB0F99824640460AF09EFB011CFB
:1037900050460AF083FB0D998246301C0AF095FBD7
:1037A000011C50460AF07AFB11998246281C0AF047
:1037B0008CFB1299834604980AF087FB011C58463B
:1037C0000AF06CFB1099834602980AF07EFB011CFC
:1037D00058460AF063FB011C50460AF05FFB14993F
:1037E000786048460AF071FB1799824640460AF015
:1037F0006CFB011C50460AF051FB16998246301CA6
:103800000AF063FB011C50460AF048FB19998246F6
:10381000281C0AF05AFB1A99834604980AF055FBB3
:10382000011C58460AF03AFB1899834602980AF0A0
:103830004CFB011C58460AF031FB011C50460AF0B3
:103840002DFBB8601D9948460AF03FFB1E99824641
:1038500040460AF03AFB011C50460AF01FFB1C9937
:103860008246301C0AF031FB011C50460AF016FB60
:1038700020998246281C0AF028FB21998346049847
:103880000AF023FB011C58460AF008FB1F998346E7
:1038900002980AF01AFB011C58460AF0FFFA011CB4
:1038A00050460AF0FBFA2399F86048460AF00DFBEF
:1038B0002499824640460AF008FB011C50460AF053
:1038C000EDFA22998246301C0AF0FFFA011C50469C
:1038D0000AF0E4FA26998246281C0AF0F6FA27999B
:1038E000834604980AF0F1FA011C58460AF0D6FA09
:1038F0002599834602980AF0E8FA011C58460AF016
:10390000CDFA011C50460AF0C9FA29993861484697
:103910000AF0DBFA2A99824640460AF0D6FA011CE0
:1039200050460AF0BBFA28998246301C0AF0CDFABC
:10393000011C50460AF0B2FA2C998246281C0AF063
:10394000C4FA2D99834604980AF0BFFA011C584620
:103950000AF0A4FA2B99834602980AF0B6FA011CE1
:1039600058460AF09BFA011C50460AF097FA2F9924
:10397000786148460AF0A9FA3099814640460AF033
:10398000A4FA011C48460AF089FA2E998046301C98
:103990000AF09BFA011C40460AF080FA3299061C94
:1039A000281C0AF092FA3399051C04980AF08DFA43
:1039B000011C281C0AF072FA3199051C02980AF0C1
:1039C00084FA011C281C0AF069FA011C301C0AF058
:1039D00065FACBABB8611C3718349F4200D091E632
:1039E000399BA29A9946A19BA399A49CA59DA69EAA
:1039F000A79F06930892A89BA99A09910A94AA994D
:103A0000AB9C0B950C96AC9DAD9E0D970E93AE9F07
:103A1000AF9B0F92B09A109111941295169614972D
:103A200017931892B199B29CB39DB49EB59FB69B63
:103A3000B79A19911A94B899B99C1C951D96BA9D7C
:103A4000BB9E1E971F93BC9FBD9B20922191BE9A47
:103A5000BF992294C09C249625972693279228915B
:103A600029942395C19DC29EC39FC69AC49BC799A2
:103A7000C89C2A952B96C99DCA9E2C97C59F2E92AD
:103A80001B9A2D9333972F91309431953296A1AB99
:103A900013CA13C313CA13C31268A1AC1A603899AE
:103AA000379B0A6849461B6801920A682000009209
:103AB00040A9FE4AFEF788FA369E409930680AF01F
:103AC000EAF94199834670680AF0E5F9429982461D
:103AD000B0680AF0E0F943998146F0680AF0DBF932
:103AE0004499041C30690AF0D6F94599051C70699F
:103AF0000AF0D1F9061C011C381C0AF0E6F9291C51
:103B0000071C27980AF0E1F9011C381C0AF0C6F9D5
:103B1000211C071C20980AF0D8F9011C381C0AF057
:103B2000BDF94946071C18980AF0CFF9514680465E
:103B30000F980AF0CAF9011C40460AF0AFF959463D
:103B4000804608980AF0C1F9011C40460AF0A6F91F
:103B5000011C381C0AF0A2F91B9A51680AF09EF960
:103B6000311C02902E980AF0B0F9291C071C2898E5
:103B70000AF0ABF9011C381C0AF090F9211C071C53
:103B800021980AF0A2F9011C381C0AF087F949466D
:103B9000071C19980AF099F95146804610980AF0C6
:103BA00094F9011C40460AF079F959468046099873
:103BB0000AF08BF9011C40460AF070F9011C381C10
:103BC0000AF06CF91B9A91680AF068F9311C0490AC
:103BD0002F980AF07AF9291C071C29980AF075F920
:103BE000011C381C0AF05AF9211C071C22980AF003
:103BF0006CF9011C381C0AF051F94946071C1A9847
:103C00000AF063F95146804611980AF05EF9011CEA
:103C100040460AF043F9594680460A980AF055F999
:103C2000011C40460AF03AF9011C381C0AF036F92A
:103C30001B9AD1680AF032F9311C369030980AF09C
:103C400044F9291C071C2A980AF03FF9011C381C6A
:103C50000AF024F9211C071C23980AF036F9011CEC
:103C6000381C0AF01BF94946071C1C980AF02DF96C
:103C70005146804612980AF028F9011C40460AF085
:103C80000DF9594680460B980AF01FF9011C404671
:103C90000AF004F9011C381C0AF000F91B9A11699A
:103CA0000AF0FCF8311C379031980AF00EF9291C03
:103CB000071C2B980AF009F9011C381C0AF0EEF8D1
:103CC000211C071C24980AF000F9011C381C0AF07A
:103CD000E5F84946071C1D980AF0F7F8514680465A
:103CE00016980AF0F2F8011C40460AF0D7F8594637
:103CF00080460C980AF0E9F8011C40460AF0CEF81C
:103D0000011C381C0AF0CAF81B9A51690AF0C6F85F
:103D10005146389014980AF0D8F84946071C1E9866
:103D20000AF0D3F8011C381C0AF0B8F85946071CF1
:103D30000D980AF0CAF8011C381C0AF0AFF8291CCB
:103D4000071C2C980AF0C1F8311C804632980AF002
:103D5000BCF8011C40460AF0A1F8211C80462598B9
:103D60000AF0B3F8011C40460AF098F8011C381C10
:103D70000AF094F81B9A91690AF090F8311C071C1C
:103D80002D980AF0A2F8291C061C26980AF09DF826
:103D9000011C301C0AF082F8211C051C1F980AF037
:103DA00094F8011C281C0AF079F84946041C17985D
:103DB0000AF08BF85146051C0E980AF086F8011C93
:103DC000281C0AF06BF85946051C06980AF07DF885
:103DD000011C281C0AF062F8011C201C0AF05EF885
:103DE0001B9AA1AC11680AF059F8359B1860029A29
:103DF0009F615A60049A9A60369ADA60379A1A611B
:103E0000389A5A613E9A1368709353687193936815
:103E10007293D36873931369749353697593936919
:103E20007693D3697793136A7893536A7993936AF5
:103E30007A93D36A7B93136B7C93536B7D93936BD1
:103E40007E93D36B7F93136C8093536C8193936CAD
:103E50008293D36C8393136D8493536D8593936D89
:103E60008693D36D8793136E8893536E8993936E65
:103E70008A93D36E8B93136F8C93536F8D93936F41
:103E80008E93D36F8F938023D35890938423D358EA
:103E900091938823D35892938C23D3589393902350
:103EA000D35894939423D358959301E00AE81C4186
:103EB0009823D35896939C23D3589793A023D358F1
:103EC0009893A423D3589993A823D358349D9A93B5
:103ED000AC23D3589B93B023D3589C93B423D3588B
:103EE0009D93B823D3589E93BC23D3589F93C0234C
:103EF000D358A0936B686A699946AB68494698465F
:103F0000EB680E980293049209F0DFFF4146824667
:103F1000179809F0DAFF011C504609F0BFFF2F681F
:103F20008246391C069809F0D0FF011C504609F062
:103F3000B5FF2E698246311C269809F0C6FF049908
:103F400083462D9809F0C1FF011C584609F0A6FFD1
:103F5000029983461F9809F0B8FF011C584609F0E2
:103F60009DFF011C504609F099FF494620600F98BB
:103F700009F0ABFF41468246189809F0A6FF011CE4
:103F8000504609F08BFF391C8246089809F09DFFC6
:103F9000011C504609F082FF311C8246279809F027
:103FA00094FF04998346339809F08FFF011C58460B
:103FB00009F074FF02998346209809F086FF011CDE
:103FC000584609F06BFF011C504609F067FF49464F
:103FD0006060109809F079FF41468246199809F00F
:103FE00074FF011C504609F059FF391C824609989C
:103FF00009F06BFF011C504609F050FF311C82464E
:10400000289809F062FF049983462E9809F05DFF15
:10401000011C584609F042FF02998346219809F095
:1040200054FF011C584609F039FF011C504609F0A5
:1040300035FF4946A060119809F047FF4146824686
:104040001A9809F042FF011C504609F027FF391C5D
:1040500082460A9809F039FF011C504609F01EFFFC
:10406000311C8246299809F030FF049983462F9825
:1040700009F02BFF011C584609F010FF02998346F6
:10408000229809F022FF011C584609F007FF011C85
:10409000504609F003FF4946E060129809F015FF09
:1040A000414682461C9809F010FF011C504609F059
:1040B000F5FE391C82460B9809F007FF011C50469B
:1040C00009F0ECFE311C82462A9809F0FEFE0499A4
:1040D0008346309809F0F9FE011C584609F0DEFECF
:1040E00002998346239809F0F0FE011C584609F016
:1040F000D5FE011C504609F0D1FE494620611698B4
:1041000009F0E3FE414682461D9809F0DEFE011CDF
:10411000504609F0C3FE391C82460C9809F0D5FEC2
:10412000011C504609F0BAFE311C82462B9809F05A
:10413000CCFE04998346319809F0C7FE011C58460D
:1041400009F0ACFE02998346249809F0BEFE011CDA
:10415000584609F0A3FE011C504609F09FFE49464F
:104160006061149809F0B1FE414681461E9809F03D
:10417000ACFE011C484609F091FE391C80460D98A2
:1041800009F0A3FE011C404609F088FE311C071C03
:104190002C9809F09AFE0499061C329809F095FEB5
:1041A000011C301C09F07AFE0299061C259809F0C2
:1041B0008CFE011C301C09F071FE011C381C09F03A
:1041C0006DFED2ABA0611C3418359C4200D091E644
:1041D0003E9C70AF2300C4330993A19B3F943D9351
:1041E000A89B3C93AF9B3B93B69B3A93BD9B399363
:1041F000C49B3893CB9B3793A29B3693A99B349354
:10420000B09B3393B79B3293BE9B3193C59B309346
:10421000CC9B2F93A39B2E93AA9B2D93B19B2C9366
:10422000B89B2B93BF9B2A93C69B2993CD9B289326
:10423000A49B2793AB9B2693B29B2593B99B249376
:10424000C09B2393C79B2293CE9B2193A59B209336
:10425000AC9B1F93B39B1E93BA9B1D93C19B1C9356
:10426000C89B1A93CF9B1993A69B1893AD9B17934A
:10427000B49B1493BB9B1693C29B1293C99B11933F
:10428000D09B1093A79B0893AE9B0A93B59B0B936F
:10429000BC9B0C93C39B0D93CA9B0E93D19B0F9316
:1042A000E068A5698146A168206923686268804644
:1042B0000691281C37990293049209F006FE66695C
:1042C00082463899301C09F000FE011C504609F066
:1042D000E5FD39998246404609F0F7FD3A99834653
:1042E000484609F0F2FD011C584609F0D7FD011CB3
:1042F000504609F0D3FD3B998246069809F0E5FD4A
:104300003C998346049809F0E0FD011C584609F0E9
:10431000C5FD3D998346029809F0D7FD011C58461A
:1043200009F0BCFD011C504609F0B8FD011C3868BD
:1043300009F0B1FD38602F99281C09F0C6FD3099AD
:104340008246301C09F0C1FD011C504609F0A6FD53
:1043500031998246404609F0B8FD32998346484675
:1043600009F0B3FD011C584609F098FD011C5046A8
:1043700009F094FD33998246069809F0A6FD349918
:104380008346049809F0A1FD011C584609F086FDFA
:1043900036998346029809F098FD011C584609F0A9
:1043A0007DFD011C504609F079FD011C786809F07B
:1043B00072FD28997860281C09F087FD29998246AA
:1043C000301C09F082FD011C504609F067FD2A9956
:1043D0008246404609F079FD2B998346484609F00C
:1043E00074FD011C584609F059FD011C504609F0A6
:1043F00055FD2C998246069809F067FD2D99834654
:10440000049809F062FD011C584609F047FD2E99F9
:104410008346029809F059FD011C584609F03EFDFB
:10442000011C504609F03AFD011CB86809F033FD43
:104430002199B860281C09F048FD22998246301C59
:1044400009F043FD011C504609F028FD23998246DE
:10445000404609F03AFD24998346484609F035FD67
:10446000011C584609F01AFD011C504609F016FDC2
:1044700025998246069809F028FD269983460498D6
:1044800009F023FD011C584609F008FD27998346D1
:10449000029809F01AFD011C584609F0FFFC011CA6
:1044A000504609F0FBFC011CF86809F0F4FC19996E
:1044B000F860281C09F009FD1A998246301C09F0A1
:1044C00004FD011C504609F0E9FC1C998246404657
:1044D00009F0FBFC1D998346484609F0F6FC011CD7
:1044E000584609F0DBFC011C504609F0D7FC1E9928
:1044F0008246069809F0E9FC1F998346049809F062
:10450000E4FC011C584609F0C9FC20998346029836
:1045100009F0DBFC011C584609F0C0FC011C5046A8
:1045200009F0BCFC011C386909F0B5FC1099386130
:10453000281C09F0CAFC11998246301C09F0C5FC00
:10454000011C504609F0AAFC12998246404609F027
:10455000BCFC16998346484609F0B7FC011C584636
:1045600009F09CFC011C504609F098FC1499824605
:10457000069809F0AAFC17998346049809F0A5FC4F
:10458000011C584609F08AFC18998346029809F0E4
:104590009CFC011C584609F081FC011C504609F0A6
:1045A0007DFC011C786909F076FC494678610C981D
:1045B00009F08BFC414681460D9809F086FC011CF0
:1045C000484609F06BFC311C80460E9809F07DFCD2
:1045D000291C061C0F9809F078FC011C301C09F0FE
:1045E0005DFC011C404609F059FC0499051C0A9821
:1045F00009F06BFC0699061C0B9809F066FC011C7F
:10460000301C09F04BFC0299061C089809F05DFC6F
:10461000011C301C09F042FC011C281C09F03EFC66
:10462000011CB86909F037FC099B1C34B8611C37C0
:104630009C4200D034E63E99709B0B60719B4B60AE
:10464000729B8B60739BCB60749B0B61759B4B6102
:10465000769B8B61779BCB61789B0B62799B4B62DE
:104660007A9B8B627B9BCB627C9B0B637D9B4B63BA
:104670007E9B8B637F9BCB63809B0B64819B4B6496
:10468000829B8B64839BCB64849B0B65859B4B6572
:10469000869B8B65879BCB65889B0B66899B4B664E
:1046A0008A9B8B668B9BCB668C9B0B678D9B4B672A
:1046B0008E9B8B678F9BCB678023909ACA50919A71
:1046C0000433CA50929A0433CA50939A0433CA509E
:1046D000949A0433CA50959A0433CA50969A043374
:1046E000CA50979A0433CA50989A0433CA50999A78
:1046F0000433CA509A9A0433CA509B9A0433CA505E
:104700009C9A0433CA509D9A0433CA509E9A04332B
:10471000CA509F9A0433CA50A09A0433CA503EAA82
:10472000EA239446DB0063441B6870AA13CB13C2D0
:10473000EC23DB0063441B68A1AA13CB13C21B9BB1
:10474000359C00938F4B200063441B68A1AA70A97D
:10475000FDF71AFB3EAA94468A4B6344186809F099
:1047600039FC3EAAEA23944606000F00DB006344AE
:104770001B682169186809F08EFB09F02BFC0022E8
:10478000814B08F078FF32003B0008F074FF029084
:10479000039109F027F83EAAEA239446DB0063441C
:1047A0001B6861690A90586809F075FB09F012FCF2
:1047B0000022754B08F05FFF32003B0008F05BFF02
:1047C0000490059109F00EF83EABEA229C46D20017
:1047D00062441268A1690B909068359409F05BFB04
:1047E00009F0F8FB0022684B08F045FF32003B005F
:1047F00008F041FF0D00040008F0F4FF359B0C9019
:10480000586809F0E7FB0022604B08F034FF3200E3
:104810003B0008F030FF0690079108F0E3FF359B5E
:104820000D90986809F0D6FB0022584B08F023FF42
:1048300032003B0008F01FFF02000B00129213939E
:1048400008F0D0FF359B0E90D86809F0C3FB00221A
:104850004E4B08F010FF32003B0008F00CFF0B003D
:1048600002001492159308F0BDFF029B0F901800F0
:1048700080231B069C46039A6244110008F0B2FF95
:1048800080221206A9181090200008F0ABFF359B7B
:104890001190186809F09EFB00223B4B08F0EBFEDC
:1048A0003B008027320008F0E6FE3F0608F09AFF42
:1048B000129C139DBC462B006344190008902000F5
:1048C00008F090FF049E059F169030008026360663
:1048D000B4463B006344190008F084FF149D159E04
:1048E0008022120694463300634419001290280077
:1048F00008F078FF069C079D8022120694462B0044
:10490000634419001490200008F06CFF3EAAEC23C9
:104910009446DB00634417901B681968194B634485
:10492000186809F0D2FA011CFE20800509F0B3FADC
:104930003EAAEC239446DB0063441B681890596838
:10494000104B6344186809F0C0FA011CFE20800572
:1049500009F0A1FA3EAAEC239446DB0063441B68ED
:1049600019909968074B6344186809F0AEFA011C66
:10497000FE20800509F08FFAA1AB1C003F9D1A9024
:104980001D9305E0640700000000E0BF0000E03F69
:104990002B682A699B46AB68A9699846EB680F9813
:1049A00006930292049109F090FA6E698146311CD7
:1049B0000E9809F08AFA011C484609F06FFA02992C
:1049C00081460D9809F081FA069982460C9809F003
:1049D0007CFA011C504609F061FA011C484609F0B6
:1049E0005DFA414681460B9809F06FFA6F6882467E
:1049F000391C0A9809F069FA011C504609F04EFA70
:104A0000594609F04BFA011C484609F047FA049947
:104A10002060169809F059FA311C81460F9809F068
:104A200054FA011C484609F039FA0299814608985F
:104A300009F04BFA069982460B9809F046FA011CD8
:104A4000504609F02BFA011C484609F027FA414666
:104A50008146119809F039FA391C09F01FFA5946B4
:104A60008246109809F031FA011C504609F016FAF6
:104A7000011C484609F012FA049960600D9809F08B
:104A800024FA311C8146089809F01FFA011C484697
:104A900009F004FA02998146149809F016FA069969
:104AA0008246109809F011FA011C504609F0F6F9F7
:104AB000011C484609F0F2F9391C81460C9809F0AE
:104AC00004FA414609F0EAF959468246129809F07B
:104AD000FCF9011C504609F0E1F9011C484609F0B7
:104AE000DDF90499A060089809F0EFF9311C8146BE
:104AF000179809F0EAF9011C484609F0CFF9029924
:104B000081460E9809F0E1F9069909F0C7F9011CF0
:104B1000484609F0C3F9414681460A9809F0D5F99B
:104B2000391C8246129809F0D0F9011C504609F050
:104B3000B5F959468246119809F0C7F9011C50464B
:104B400009F0ACF9011C484609F0A8F90021E06021
:104B5000404609F0BAF900218046381C09F0B5F941
:104B6000011C404609F09AF90021071C584609F03B
:104B7000ACF9011C381C09F091F90021071C0698BA
:104B800009F0A3F900218246301C09F09EF90021AA
:104B90008046049809F099F902998146189809F01D
:104BA00094F9514609F07AF941468346484609F09E
:104BB00075F9011C584609F071F9391C09F06EF9B4
:104BC00000212061029809F080F9514609F066F948
:104BD0008246311C199809F078F9494609F05EF9C6
:104BE000514609F05BF9391C09F058F904996061E4
:104BF0001A9809F06AF9414609F050F9514609F04E
:104C00004DF9391C09F04AF9099B1C35A0611C3487
:104C10009D4200D0BCE670ADA8AB1D9C3795C4AEDC
:104C20001C93236831689B46E369F0699846636D7D
:104C3000226F04910690191C0C980292099309F0B6
:104C400044F9029981460D9809F03FF9011C484644
:104C500009F024F9049981460E9809F036F906996D
:104C600082460F9809F031F9011C504609F016F9F7
:104C7000011C484609F012F9414681460A9809F09C
:104C800024F9A76B8246391C0B9809F01EF9011C08
:104C9000504609F003F9594609F000F9011C48464D
:104CA00009F0FCF8099928600B9809F00EF90299AF
:104CB0008146089809F009F9011C484609F0EEF808
:104CC000049981460F9809F000F9069982461698D2
:104CD00009F0FBF8011C504609F0E0F8011C4846B9
:104CE00009F0DCF8391C8146119809F0EEF84146CC
:104CF00009F0D4F859468246109809F0E6F8011CEC
:104D0000504609F0CBF8011C484609F0C7F809994C
:104D10006860109809F0D9F802998146149809F052
:104D2000D4F8011C484609F0B9F80499814608985E
:104D300009F0CBF8069982460D9809F0C6F8011CD7
:104D4000504609F0ABF8011C484609F0A7F8414667
:104D500081460C9809F0B9F8391C09F09FF85946BA
:104D60008246129809F0B1F8011C504609F096F8F5
:104D7000011C484609F092F80499A860179809F0B8
:104D8000A4F806998146089809F09FF8011C484646
:104D900009F084F8029981460E9809F096F809996D
:104DA00009F07CF8011C484609F078F84146814634
:104DB000129809F08AF8391C82460A9809F085F899
:104DC000011C504609F06AF859468246119809F0CC
:104DD0007CF8011C504609F061F8011C484609F0B6
:104DE0005DF80021E860404609F06FF80021804638
:104DF000381C09F06AF8011C404609F04FF8002100
:104E0000071C584609F061F8011C381C09F046F8E7
:104E10000021071C099809F058F8002182460498DF
:104E200009F053F800218046069809F04EF80299DF
:104E30008146189809F049F8514609F02FF849467B
:104E40008346404609F02AF8011C584609F026F826
:104E5000391C09F023F800212861029809F035F87F
:104E6000514609F01BF882460499199809F02DF86B
:104E7000494609F013F8514609F010F8391C09F0B9
:104E80000DF8069968611A9809F01FF8414609F073
:104E900005F8514609F002F8391C08F0FFFFA86137
:104EA0001C9B04341C3504369C4200D0B9E63EAA53
:104EB0009446744B734A63441B6862441B681268CF
:104EC0000893704BA1AD63441B68DB6909936D4B7C
:104ED00063441B689B6B0A936A4B63441B685B6D5E
:104EE0000B93684B63441B681B6F0C938C23D35844
:104EF000644A0D93634B624463441B685B680E9382
:104F0000604B63441B681B6A0F935E4B63441B68D2
:104F1000DB6B10935B4B63441B689B6D1193594B88
:104F200063441B685B6F129390231268D358554AF1
:104F30001693544B624463441B6812689B68149335
:104F4000504B63441B685B6A17934E4B63441B686A
:104F50001B6C18934B4B63441B68DB6D1993494BD7
:104F600063441B689B6F1A939423D358454A1C9340
:104F7000444B624463441B68DB681D93414B6344AC
:104F80001B689B6A1E933F4B63441B685B6C1F93BB
:104F90003C4B63441B681B6E20933A4B126863447E
:104FA0001B68DB6F21939823D358364A2293354BE5
:104FB000624463441B6812681B692393314B63444A
:104FC0001B68DB6A24932F4B63441B689B6C2593FF
:104FD0002C4B63441B685B6E26938023D358294A6D
:104FE00027939C2362441268D358264A2893254B62
:104FF000624463441B685B692993224B63441B68CA
:105000001B6B2A931F4B63441B68DB6C2B931D4B5C
:10501000126863441B689B6E2C938423D358194AEF
:105020002D93A02362441268D358164A2E93154B31
:10503000624463441B6812689B692F93114B63445D
:105040001B685B6B30930F4B63441B681B6D319384
:105050000C4B63441B68DB6E32938823D358094A98
:105060003393A42362441268D3583493064B6344A9
:105070001F68A1AB389390239C46BC4463460693BB
:1050800004E0C0465C070000540700007B687A69B2
:105090009946BB6849469846FB6809980293049272
:1050A00008F013FF414682460A9808F00EFF011CE3
:1050B000504608F0F3FE3E688246311C089808F01E
:1050C00004FF011C504608F0E9FE3C698246211CA1
:1050D0000C9808F0FAFE049983460D9808F0F5FE46
:1050E000011C584608F0DAFE029983460B9808F036
:1050F000ECFE011C584608F0D1FE011C504608F099
:10510000CDFE0F992860484608F0DFFE10998246D0
:10511000404608F0DAFE011C504608F0BFFE0E992A
:105120008246301C08F0D1FE011C504608F0B6FE45
:1051300012998246201C08F0C8FE169983460498EE
:1051400008F0C3FE011C584608F0A8FE11998346DA
:10515000029808F0BAFE011C584608F09FFE011C98
:10516000504608F09BFE17996860484608F0ADFE6F
:1051700018998246404608F0A8FE011C504608F0E7
:105180008DFE14998246301C08F09FFE011C50468B
:1051900008F084FE1A998246201C08F096FE1C999D
:1051A0008346049808F091FE011C584608F076FEEC
:1051B00019998346029808F088FE011C584608F0A9
:1051C0006DFE011C504608F069FEA8601E99484615
:1051D00008F07BFE1F998246404608F076FE011CCF
:1051E000504608F05BFE1D998246301C08F06DFEAB
:1051F000011C504608F052FE21998246201C08F0FE
:1052000064FE22998346049808F05FFE011C58460C
:1052100008F044FE20998346029808F056FE011CCF
:10522000584608F03BFE011C504608F037FE249912
:10523000E860484608F049FE25998246404608F055
:1052400044FE011C504608F029FE23998246301C7A
:1052500008F03BFE011C504608F020FE27998246CC
:10526000201C08F032FE28998346049808F02DFE91
:10527000011C584608F012FE26998346029808F051
:1052800024FE011C584608F009FE011C504608F097
:1052900005FE2A992861484608F017FE2B99824698
:1052A000404608F012FE011C504608F0F7FD29990F
:1052B0008246301C08F009FE011C504608F0EEFD45
:1052C0002D998246201C08F000FE2E9983460498F2
:1052D00008F0FBFD011C584608F0E0FD2C998346C0
:1052E000029808F0F2FD011C584608F0D7FD011C99
:1052F000504608F0D3FD30996861484608F0E5FD56
:1053000031998146404608F0E0FD011C484608F00E
:10531000C5FD2F998046301C08F0D7FD011C404682
:1053200008F0BCFD3399061C201C08F0CEFD349912
:10533000041C049808F0C9FD011C201C08F0AEFDF7
:105340003299041C029808F0C0FD011C201C08F0D2
:10535000A5FD011C301C08F0A1FD069B1837A861B3
:105360001C35BB4200D091E6C4AB0693379CA8AB7A
:10537000389D3693EB690D999946AB6B2E6F984625
:105380006B6D2F680493069B043504CB101C0292AE
:10539000069308F09AFD0C998246301C08F095FDA2
:1053A000011C504608F07AFD0B998246049808F0DB
:1053B0008CFD011C504608F071FD0A99824640465A
:1053C00008F083FD09998346484608F07EFD011CDC
:1053D000584608F063FD08998346381C08F075FDAF
:1053E000011C584608F05AFD011C504608F056FDB5
:1053F000011C206808F052FD10992060404608F01A
:1054000064FD0F998246484608F05FFD011C504636
:1054100008F044FD0E998246381C08F056FD011C28
:10542000504608F03BFD12998246301C08F04DFDB5
:1054300016998346029808F048FD011C584608F06A
:105440002DFD11998346049808F03FFD011C584634
:1054500008F024FD011C504608F020FD011C606886
:1054600008F01CFD17996060484608F02EFD189959
:105470008246404608F029FD011C504608F00EFD0A
:1054800014998246381C08F020FD011C504608F093
:1054900005FD1A998246301C08F017FD1C998346B9
:1054A000029808F012FD011C584608F0F7FC199903
:1054B0008346049808F009FD011C584608F0EEFCEC
:1054C000011C504608F0EAFC011CA06808F0E6FC4C
:1054D0001E99A060484608F0F8FC1F998246404695
:1054E00008F0F3FC011C504608F0D8FC1D998246D8
:1054F000381C08F0EAFC011C504608F0CFFC21994A
:105500008246301C08F0E1FC22998346029808F09C
:10551000DCFC011C584608F0C1FC20998346049825
:1055200008F0D3FC011C584608F0B8FC011C50469A
:1055300008F0B4FC011CE06808F0B0FC2499E060BD
:10554000484608F0C2FC25998246404608F0BDFC5A
:10555000011C504608F0A2FC23998246381C08F032
:10556000B4FC011C504608F099FC27998246301C77
:1055700008F0ABFC28998346029808F0A6FC011CB1
:10558000584608F08BFC26998346049808F09DFC49
:10559000011C584608F082FC011C504608F07EFCB5
:1055A000011C206908F07AFC2A992061484608F01D
:1055B0008CFC2B998246404608F087FC011C504623
:1055C00008F06CFC29998246381C08F07EFC011C0E
:1055D000504608F063FC2D998246301C08F075FC9B
:1055E0002E998346029808F070FC011C584608F07A
:1055F00055FC2C998346049808F067FC011C58461A
:1056000008F04CFC011C504608F048FC011C606985
:1056100008F044FC30996061484608F056FC319926
:105620008146404608F051FC011C484608F036FC13
:105630002F998046381C08F048FC011C404608F0B1
:105640002DFC3399071C301C08F03FFC3499061CD4
:10565000029808F03AFC011C301C08F01FFC32993B
:10566000061C049808F031FC011C301C08F016FCE4
:10567000011C381C08F012FC011CA06908F00EFC8B
:10568000369BA0611C349D4200D073E63E99709B0E
:105690000B60779B4B607E9B8B60859BCB608C9B6C
:1056A0000B61939B4B619A9B8B61719BCB61789B48
:1056B0000B627F9B4B62869B8B628D9BCB62949B24
:1056C0000B639B9B4B63729B8B63799BCB63809B30
:1056D0000B64879B4B648E9B8B64959BCB649C9BDC
:1056E0000B65739B4B657A9B8B65819BCB65889B18
:1056F0000B668F9B4B66969B8B669D9BCB66749BC4
:105700000B677B9B4B67829B8B67899BCB67802357
:10571000909ACA50979A0433CA509E9A0433CA503A
:10572000759A0433CA507C9A0433CA50839A04335E
:10573000CA508A9A0433CA50919A0433CA50989A2C
:105740000433CA509F9A0433CA50769A0433CA501D
:105750007D9A0433CA50849A0433CA508B9A043316
:10576000CA50929A0433CA50999A0433CA50A09AE4
:105770000433CA50359B1A685F68111C101C904690
:105780009E68DD6808F0A1FB391C041C381C08F079
:105790009CFB011C201C08F081FB311C041C301CEC
:1057A00008F093FB011C201C08F078FB291C041C4A
:1057B000281C08F08AFB011C201C08F06FFB08F075
:1057C00013FC041C011C404608F06BFB359B211C9C
:1057D0001860381C08F065FB359F211C7860301C70
:1057E00008F05FFB211CB860281C08F05AFB1B9BCB
:1057F000F8601A685F68111C101C90469E68DD688E
:1058000008F063FB391C041C381C08F05EFB011C0B
:10581000201C08F043FB311C041C301C08F055FB15
:10582000011C201C08F03AFB291C041C281C08F051
:105830004CFB011C201C08F031FB08F0D5FB041CBC
:10584000011C404608F02DFB1B9B211C1860381CD6
:1058500008F027FB1B9F211C7860301C08F021FBFF
:10586000211CB860281C08F01CFBF8600020044BC9
:105870009D44F0BCBB46B246A946A046F0BDC0461A
:1058800024080000F0B5D6464F464646C0B586B05F
:10589000A14B02AC00941A68A04D02929A8828008D
:1058A000A2809B796A46A37107230193002369466E
:1058B000D3730DF0A5FA0098A04203D002990131EC
:1058C00008F08EFD28000DF0E3FA954E9C2431007F
:1058D0000122944D01C1A400830F43406B439818EB
:1058E000013201C1A242F7D19C23002400200021F3
:1058F0001B01F2508C4D00228C4B9C60DD6000241B
:105900001860596018615961FE201A76884B80052D
:105910001C605C609C60DC60864B1C605C609C6012
:10592000DC60854B1C605C60844B1C605C60844B5D
:105930001C605C60834B1C605C609C60DC60824B24
:105940001C605C60814D9C60DC60814B29681C6040
:1059500008F0A7FA7F4E804B3060FE201C605C6030
:105960009C60DC607D4B80051C605C607C4B1C6037
:105970005C607C4B1C605C607B4B1C605C609C6072
:10598000DC607A4B1C605C609C60DC60784B1C6067
:105990005C609C60DC60774B29681C605C60764BC7
:1059A000764E1C605C60764B1C605C60754B1C60C6
:1059B0005C609C60DC60744B1C605C609C60DC60C4
:1059C000724B1C6008F06DFA714B30601C605C60BB
:1059D0009C60DC606F4B1C605C606F4B1C605C60AB
:1059E0006E4B1C605C606E4B1C605C609C60DC609D
:1059F0006C4B1C606C4B1C606C4B6D4C1868011C34
:105A000008F063FA6B4B206018686B4C011C08F0BF
:105A10005CFA6A4B20601C68694B6A4D1868011C6F
:105A200008F03CFA684B196808F04FFA211C08F09E
:105A30004CFA664B196808F034FA011CFE20800508
:105A400008F029FA624B28601C60624B1E68301C0B
:105A500008F0DAFA604B051C301C1F6808F0E6FA03
:105A60005E4B82461E685E4B391C281C994608F026
:105A70002CFA311C8046504608F027FA011C40469B
:105A800008F00CFA211C08F020FA4B461860554B20
:105A90001B689846544B41461B689946534B9A469F
:105AA00080231B06F81808F010FA514B071C1968E0
:105AB000301C08F00AFA011C381C08F0EFF94D4BB5
:105AC000071C1968281C08F000FA494608F0FDF97F
:105AD000011C381C08F0E2F9211C08F0F6F98023BB
:105AE00052461B0610604946F01808F0EEF9211CDA
:105AF00008F0EBF9404F41463860201C08F0E5F90A
:105B0000291C08F0CEF93D4E306006B0E0BCBA4624
:105B1000B146A846F0BDC0466C690110683D03203F
:105B2000703203206589076C0000F03FB02B002025
:105B300090290020B0290020703C0320683C0320FD
:105B40004C2D0320102A0020F02900206836002068
:105B50001C24032070360020D02900204C3C032058
:105B6000143203203C3C0320E02800208029002040
:105B7000A0290020583C0320603C03206C36002004
:105B8000442D0320002A0020E029002018240320AF
:105B9000C0290020443C03200C320320343C032065
:105BA000D02800209C470320A0470320F421002098
:105BB00004240320F021002008240320CC2100200D
:105BC000BC210020C42D032060240320D821002004
:105BD000C82D0320B8210020C4210020C0210020AE
:105BE000CC2D0320742D0320702D0320904703201B
:105BF0006C2D0320C82100209447032098470320E0
:105C0000F0B5C64600B582B01F006B46D9711600CC
:105C1000073305008288C046C046C04601242100E3
:105C200091400A00D021090688468A61C046C046D4
:105C3000C046012219000B4810F09EFD3A003100C9
:105C4000084810F099FDAB88C046C046C0469C404D
:105C500043465C61C046C046C046002002B080BCDE
:105C6000B846F0BD00000440F0B5C64600B582B0AD
:105C70001F006B460500D81D40230B430370160020
:105C8000AB88C046C046C046012422009A4013009B
:105C9000D022120690469361C046C046C0460122FB
:105CA00001000B4810F068FD3A003100084810F080
:105CB00063FDAB88C046C046C0469C4043465C611D
:105CC000C046C046C046002002B080BCB846F0BD09
:105CD00000000440F0B5C64600B582B01F006B4618
:105CE00005000800D91D80235B4203430B7016009A
:105CF000AB88C046C046C046012422009A4013002B
:105D0000D022120690469361C046C046C04601228A
:105D10000B4810F031FD3B0032000021084810F024
:105D2000BBFCAB88C046C046C0469C4043465C6155
:105D3000C046C046C046002002B080BCB846F0BD98
:105D400000000440F0B5C64600B582B01F006B46A7
:105D500005000800D91D40235B4203430B70160069
:105D6000AB88C046C046C046012422009A401300BA
:105D7000D022120690469361C046C046C04601221A
:105D80000B4810F0F9FC3B0032000021084810F0ED
:105D900083FCAB88C046C046C0469C4043465C611D
:105DA000C046C046C046002002B080BCB846F0BD28
:105DB0000000044010B506F049F910BDF0B5D64614
:105DC0004F464646C0B50C0008A980C990600978C6
:105DD00000688A460AA9097889460BA90978884685
:105DE0000CA90E780DA90D781A4911601A49516055
:105DF0001A4A9C601A601A4A39005A6005F022F962
:105E00003900206805F01EF95046012105F072FBAB
:105E10004846012105F06EFB0121404605F06AFB72
:105E2000300005F0A9FB280005F0A6FB01231900AE
:105E3000D022B140AB40FA2012065162800053627A
:105E40005161536106F002F9E0BCBA46B146A8467A
:105E5000F0BDC046015C0010D55C0010695C00100C
:105E6000455D001010B508F077F8024908F02DF8EC
:105E700010BDC0465A643B3F10B508F06DF80249AA
:105E800008F023F810BDC04600008C4210B508F0A1
:105E900063F8024908F019F810BDC046E17A143FD2
:105EA000F0B5040083B001AD0E0001232A001021DB
:105EB00080686768B84700280DD1032218212B7825
:105EC0003240D2008B431343A0682B702A00012379
:105ED00024680839A04703B0F0BDC046F0B5C646F7
:105EE000040000B584B001AE0D0001233200102182
:105EF00080686768B84700283DD11F2733786A015A
:105F00003B4013433370236832009846102101232D
:105F1000A068C04700282ED1636802AE98463200C0
:105F200001232021A068C047002824D132782B0902
:105F30005B0117401F433770012332002021A06806
:105F40002768B847002816D101231221A068666887
:105F500003AAB04700280ED16B461A7B7F2313405B
:105F60006A46ED09ED012B431373A068012312214A
:105F7000246803AAA04704B080BCB846F0BDC04660
:105F8000F0B5040083B001AD0E0001232A002021EA
:105F900080686768B84700280DD1032218212B7844
:105FA0003240D2008B431343A0682B702A00012398
:105FB00024680831A04703B0F0BDC046F0B547469D
:105FC000CE4680B583B006000C00150088684F6887
:105FD00001236A462221B84700282CD16B46402273
:105FE00001271B78904693436A462F40BF013B43ED
:105FF000A0681370222101232468A04700281AD129
:10600000736801AC9946220001232421B068C84777
:10601000002810D17F23ED432278ED011340424642
:106020002B43DBB293431F43220001232421B0689A
:1060300035682770A84703B0C0BCB946B046F0BD6C
:10604000F0B54646D6464F46C0B584B001AB040015
:1060500098460D0001234246202180686668B047BB
:10606000002851D1012180230327EA080A40520069
:106070005B421343AA00944638002E0930401C228C
:1060800066463240134342461278824611404246E9
:10609000400103430B431370236820219946A068F5
:1060A0000123C84700282FD102AB984663684246B7
:1060B000994622210123A068C847002824D14346DD
:1060C00042461B78AD09BB432B43137022210123A9
:1060D000A0682568A847002816D101232321A068BD
:1060E000656803AAA84700280ED153469E006B4658
:1060F0000C221B7BA06893436A463343137323210E
:106100000123246803AAA04704B0E0BCBA46B14604
:10611000A846F0BDF0B5040083B001AD0E00012328
:106120002A00212180686768B84700280DD1032222
:1061300060212B78324052018B431343A0682B70AF
:106140002A00012324683F39A04703B0F0BDC046B0
:10615000030070B582B06C460D006A465E68182177
:1061600006238068B0476278237812029B182B8040
:10617000E278A37812029B186B806279237912026D
:106180009B18AB8002B070BD030070B582B06C4646
:106190000D006A465E68282106238068B047627851
:1061A000237812029B182B80E278A37812029B18A6
:1061B0006B806279237912029B18AB8002B070BDAC
:1061C000030070B582B06C460D006A465E682821F7
:1061D00006238068B0476278237812029B182B80D0
:1061E000E278A37812029B186B80627923791202FD
:1061F0009B18AB8002B070BD70B5012305004E68DE
:1062000088680F211400B047002805D1621C0123C3
:106210000F21A8686C68A04770BDC04670B5012307
:106220000500140088684E6801321721B047002825
:1062300005D1A8680123220027216D68A84770BDF9
:10624000F0B5C64600B582B001AF06000C0090461E
:1062500088684D6801233A002221A847002823D1ED
:10626000012245463B78154093432B43A0683B7081
:106270003A00012322212468A047002814D10123D9
:106280006A462121B06877686C46B84700280BD170
:106290000422AB002578212195431D43257001235D
:1062A0006A46B0683568A84702B080BCB846F0BD01
:1062B00070B582B00500140088684E680123222161
:1062C00001AAB04700280DD16E4601236A46A8688E
:1062D00021216D68A847327833795207DB071343D1
:1062E000DB0F237002B070BDF0B5040083B001AEC7
:1062F0000D0001233200102180686768B84700282C
:106300000BD103223378154093432B43A06833709D
:106310003200012310212468A04703B0F0BDC0461D
:10632000F0B5040083B00D0001236A461121806896
:1063300067686E46B847002825D1032211003378DC
:10634000294093430B4333706A4601231121A0680F
:106350002768B847002816D101AE01233200122168
:10636000A0686768B84700280DD140223378ED0651
:10637000ED0F9343AD012B43A0683370320001232E
:1063800012212468A04703B0F0BDC046F0B5040058
:1063900083B001AD0E0001232A00202180686768C8
:1063A000B847002810D1F306DB0F9900032307221A
:1063B000334019432B78A068934319432970012374
:1063C0002A0020212468A04703B0F0BDF0B50400E6
:1063D00083B001AD0E0001232A0021218068676887
:1063E000B84700280DD1012204212B7832409200B9
:1063F0008B431343A0682B702A00012324681D31AE
:10640000A04703B0F0BDC046F0B5040083B001AEB4
:106410000D0001233200212180686768B8470028F9
:1064200010D160222B096D01DB0115401D431F2394
:106430003278A06813401D433200012321212468D3
:106440003570A04703B0F0BDF8B50421022005F077
:1064500051F80421032005F04DF804210E2005F029
:1064600049F804210F2005F045F80421142005F017
:1064700041F80421152005F03DF80421062005F01F
:1064800039F89C21544B554A04205A509A635A6259
:10649000DA64C8220C39D2005A50DA629A611A645E
:1064A000802214315A504E4B4E491A6005F0CEF8F6
:1064B0000121042005F092F84B4B4C4F1B783A68B1
:1064C000012B00D171E04A4B4A4E5A401204120C83
:1064D000494D32602A68494C5A401204120C48480F
:1064E00022600268474953401B041B0C0B603A684A
:1064F000454B5A40120C120432602A685A40120C62
:10650000120422600268414853401B0C1B040B60BC
:106510003F4B394C1A680123190091433D4A1160E1
:1065200019003D4A126891433C4A116019003C4AE7
:10653000126891433B4A11603B4A126893433B4ABD
:10654000136005F083FD2949294A0B682948534007
:106550001B041B0C036009682B4B5940090C0904F0
:1065600001602168254851400904090C0160216837
:106570005940090C09040160214801684A4012048D
:106580002049120C0A600268FA2053401B0C1B04BD
:106590000B60274B80001A68264B53401B04264A89
:1065A0001B0C136005F052FDF8BD244B114E5A40F0
:1065B0001204120C104D32602A68104C5A4012041A
:1065C000120C0F48226002680E4953401B041B0C3A
:1065D0000B603A681A4B8CE700000540340C000051
:1065E000A8200540718100105C48032098000540F8
:1065F0005F05000098100540340005403410054048
:10660000200005402010054000005F05B80B000089
:106610008C0005408C1005402800054028100540DE
:1066200014000540141005403C0005403C10054096
:10663000480005407102000048100540470900006D
:106640000000470970B5061C07F0C4FC1A4A1B4B32
:1066500004000D0007F068F8002816D1200029007A
:10666000174A184B07F04AF800281BD11649301C6E
:1066700007F02BFC154907F011FC1549041C07F025
:1066800061FC002810D0134804E0134C201C07F0D4
:1066900085FC0004114B124A1B6843401B0C1B0471
:1066A000136070BD0F4CF1E70849201C07F044FC53
:1066B0000028EBD00548EAE70AD7A3703D0AEF3F70
:1066C0007B14AE47E17A843F00007A4400E0AB449B
:1066D00000701445000047090090124598000540DD
:1066E000981005400020AD4470B5061C07F072FC00
:1066F0001A4A1B4B04000D0007F016F8002816D1AB
:1067000020002900174A184B06F0F8FF00281BD17B
:106710001649301C07F0D9FB154907F0BFFB154996
:10672000041C07F00FFC002810D0134804E0134CA1
:10673000201C07F033FC80B2114B1B68584000044A
:10674000104B000C186070BD0F4CF1E70849201C7D
:1067500007F0F2FB0028EBD00548EAE70AD7A37060
:106760003D0AEF3F7B14AE47E17A843F00007A4454
:1067700000E0AB440070144547090000009012454A
:1067800098000540981005400020AD4470B5061CE7
:1067900007F020FC1A4A1B4B04000D0006F0C4FF52
:1067A000002816D120002900174A184B06F0A6FF32
:1067B00000281BD11649301C07F087FB154907F04C
:1067C0006DFB1549041C07F0BDFB002810D01348D1
:1067D00004E0134C201C07F0E1FB0004114B124AAB
:1067E0001B6843401B0C1B04136070BD0F4CF1E78A
:1067F0000849201C07F0A0FB0028EBD00548EAE779
:106800000AD7A3703D0AEF3F7B14AE47E17A843F7D
:1068100000007A4400E0AB440070144500004709D2
:106820000090124534000540341005400020AD446E
:1068300070B5061C07F0CEFB1A4A1B4B04000D0076
:1068400006F072FF002816D120002900174A184BC5
:1068500006F054FF00281BD11649301C07F035FB09
:10686000154907F01BFB1549041C07F06BFB0028BA
:1068700010D0134804E0134C201C07F08FFB80B2AB
:10688000114B1B6858400004104B000C186070BD81
:106890000F4CF1E70849201C07F04EFB0028EBD015
:1068A0000548EAE70AD7A3703D0AEF3F7B14AE47DD
:1068B000E17A843F00007A4400E0AB440070144564
:1068C000470900000090124534000540341005408F
:1068D0000020AD4470B5061C07F07CFB1A4A1B4B28
:1068E00004000D0006F020FF002816D1200029002A
:1068F000174A184B06F002FF00281BD11649301C1E
:1069000007F0E3FA154907F0C9FA1549041C07F026
:1069100019FB002810D0134804E0134C201C07F08A
:106920003DFB0004114B124A1B6843401B0C1B0427
:10693000136070BD0F4CF1E70849201C07F0FCFA0A
:106940000028EBD00548EAE70AD7A3703D0AEF3FDD
:106950007B14AE47E17A843F00007A4400E0AB4408
:1069600000701445000047090090124520000540C2
:10697000201005400020AD4470B5061C07F02AFB2E
:106980001A4A1B4B04000D0006F0CEFE002816D15B
:1069900020002900174A184B06F0B0FE00281BD132
:1069A0001649301C07F091FA154907F077FA154996
:1069B000041C07F0C7FA002810D0134804E0134C59
:1069C000201C07F0EBFA80B2114B1B685840000402
:1069D000104B000C186070BD0F4CF1E70849201CEB
:1069E00007F0AAFA0028EBD00548EAE70AD7A37017
:1069F0003D0AEF3F7B14AE47E17A843F00007A44C2
:106A000000E0AB44007014454709000000901245B7
:106A100020000540201005400020AD44F0B54F4651
:106A2000D64646468A4BC0B599461888894B0024FD
:106A300000279A46884A894D10219369B846194221
:106A40000DD193691942FCD11468E4B20F2C00D126
:106A5000EFE0002811D1012793691942F1D0434694
:106A6000002B01D04B461880002F01D07C4B1C70AE
:106A7000E0BCBA46B146A846F0BD2C54013080B205
:106A8000C31E9BB2152B03D856469B00F3589F4656
:106A9000192800D1D6E0012301279846DCE7AF7C16
:106AA000704BFE09EF7C7F003E432F7D7F02374312
:106AB0007F057F0D5F83EEE7EF796A4BFE092F7A42
:106AC0007F003E436F7A7F0237437F057F0D5F81F2
:106AD000E1E7EF78634BBE092F79BF003E436F7942
:106AE000BF0237437F057F0D9F80D4E7AF7B5D4BAF
:106AF000BE09EF7BBF003E432F7CBF0237437F05BB
:106B00007F0D9F82C7E7AF796E79FF017608374323
:106B1000544B7F057F0DDF800123012798469BE7BB
:106B20002F7C504B7E086F7CFF0137437F057F0D24
:106B3000DF820123012798468EE76F7B494BFE08D1
:106B4000AF7B7F0137437F057F0D5F8201230127E4
:106B5000984681E7AF89434B7F057F0D1F82012354
:106B60000127984678E7AF7D6E7D3E4BFF007609A2
:106B70003743DF830123012798466DE72F7D394B8B
:106B8000BE086F7DBF0137437F057F0D9F830123C3
:106B90000127984660E76F7C324B3E09AF7C3F018E
:106BA00037437F057F0D1F8301230127984653E755
:106BB000EF78AE787F01F60837432A4B7F057F0DCB
:106BC0005F8001230127984646E7AF786E787F07FC
:106BD000244B7F0D37431F800123012798463BE755
:106BE000204BEF7D1F8456E7EF79AE793F013609E0
:106BF00037431C4B7F057F0D1F81012301279846DA
:106C00002AE7AF7A174B7E09EF7AFF003743DF811F
:106C10000123012798461FE76F7A124BBE08AF7A0F
:106C2000BF0137437F057F0D9F81012301279846D0
:106C300012E7002800D020E70123012798462C7096
:106C4000013009E7074B297E002001275984F3E62C
:106C5000524803204C750110004003402C4703208C
:106C60006C48032074350020962170B5284C09012A
:106C7000200005F067FC9621264D0901280005F04B
:106C800061FC0221002004F035FC0221012004F007
:106C900031FC0221042004F02DFC0221052004F027
:106CA00029FC20001C4905F0DDFC96212800890103
:106CB00005F048FCC022236B1202184913400B60F8
:106CC0002B6B20001340164A082113600123022277
:106CD00005F022FD002301222800082105F01CFDFB
:106CE0002000012105F054FD2800012105F050FD90
:106CF00014200C4904F0AAFC0121142004F06EFCBD
:106D00005023A363626B183B1340074A136070BDA6
:106D10000040034000800340A08601003050034043
:106D2000309003401D6A001034500340F0B5DE4639
:106D300057464E464546E0B5C44B9BB01A78002AEC
:106D400000D0FFE001321A7020239B4601331993D3
:106D5000023B1893013B1793013B1693013B15939C
:106D6000013B1493013B1393013B1293013B11939D
:106D7000013B1093013B0F93013B0E93013B0D939D
:106D8000013B0C93013B0B93013B0A93013B09939D
:106D9000013B0893013B0793013B0693013B05939D
:106DA000013B0493013B0393013B0293023B01939C
:106DB000033B9C46013B9846013B9946013B082515
:106DC000062005269A460022A14FA24BA24C196824
:106DD0009200115152465968920011514A469968E1
:106DE000920011514246D9689200115162461969C8
:106DF000920011515A699B69B600800032510351CB
:106E0000019B964A9E00964B1168186807F043F85C
:106E1000944B954AA0511168186807F03CF8029B02
:106E2000AD00924A60519D00914B1168186807F0BF
:106E300032F8904A039B12689B0060511A51049BE0
:106E40008D4A9B0012681A518C4A059B12689B0060
:106E50001A518B4A069B12689B001A51894A079B5C
:106E600012689B001A51884A089B12689B001A51AD
:106E7000864A099B12689B001A51854A0A9B126830
:106E80009B001A51834A0B9B12689B001A510C9B62
:106E90009D00814B814A1868116806F0FCFF0D9B2C
:106EA0007F4A60519D007F4B1168186806F0F3FF20
:106EB0000E9B7D4A60519D007C4B1168186806F05E
:106EC000EAFF7B4A0F9B12689B0060511A51794A76
:106ED000109B12689B001A51774A119B12689B0005
:106EE0001A51764A129B12689B001A51744A139BDE
:106EF00012689B001A51734A149B12689B001A5126
:106F0000714A159B12689B001A51704A169B1268B1
:106F10009B001A516E4A179B12689B001A516D4ACA
:106F2000189B12689B001A516B4B1A68199B3B8087
:106F30005B469B001A511BB0F0BCBB46B246A9464B
:106F4000A046F0BD424F65493A888A4202DD0222DE
:106F50001A70F0E7531C9BB29A46931C9BB2994659
:106F6000D31C9BB29846131D9BB2D11D9C468BB27D
:106F70000193130009339BB2029313000A339BB2AF
:106F8000039313000B339BB2049313000C339BB297
:106F9000059313000D339BB2069313000E339BB27F
:106FA000079313000F339BB20893130010339BB267
:106FB0000993130011339BB20A93130012339BB24F
:106FC0000B93130013339BB20C93130014339BB237
:106FD0000D93130015339BB20E93130016339BB21F
:106FE0000F93130017339BB21093130018339BB207
:106FF0001193130019339BB2129313001A339BB2EF
:10700000139313001B339BB2149313001C339BB2D6
:10701000159313001D339BB2169313001E339BB2BE
:10702000179313001F339BB21893130021339BB2A5
:107030001993130015002033561D901D08359BB27F
:107040009B46B6B280B2ADB2BFE6C0465F480320F1
:107050004A4803208024032084360020DC230320B8
:1070600074240320782403200C24032030240320DC
:107070007C2403205C35002060350020643500202E
:10708000E4220320F0220320FC220320F02303202B
:107090001024032038240320E0230320E4230320CA
:1070A0005424032050240320F8230320F423032036
:1070B000E823032058240320FC230320D8230320A3
:1070C0000024032014240320F82B0320F031032094
:1070D000482403204C240320F4310320F0BA00009C
:1070E0002E4A0020138810B5002B02D0013B1380DC
:1070F00001302B4A138801339BB21900632B01D94D
:10710000002100231180274A1278012A1ED9022A61
:1071100002D0032A1DD010BD234A1278002A28D09D
:10712000082A22D0052AF6D1204B00211C68201CF9
:1071300006F0FAFE002829D1FE21201C890506F060
:10714000F3FE0028E7D002F08FFDE4E702F00EFF27
:10715000E1E7174C2388002B11D0322B19D00133D3
:107160009BB2642B08D02380D5E70028EBD0312BCD
:1071700009D802F0FBFACEE700232380CBE702F028
:10718000C5FB2388E9E702F02BFEC4E702F09EFC72
:10719000C1E702F025FE2388E1E7C04658480320F6
:1071A000564803205B4803205D480320583D0320D8
:1071B0004C480320F0B5C64600B52E4F2E4D2F4C3F
:1071C00082B03A1C2E482F4902F0E8FF2A1C211CED
:1071D0002D4802F0E3FF2A1C211C2C4802F0DEFFA0
:1071E0002A1C211C2A48F82402F0D8FF294B2A4ED9
:1071F00098462A4DA4050197321C291C2848009462
:1072000002F018FF291C274D43460197321C2648DF
:10721000009402F00FFF01972B1C2448244A2549B3
:10722000009402F007FF244B244F9846321C391C6F
:1072300023480195009402F0FDFE4346321C391CA0
:1072400020480195009402F0F5FE0021321C0091C7
:107250000B1C1D48019502F0EDFE1C4B1C480193D0
:107260001C4A1D4900942B1C02F0E4FE02B080BCB5
:10727000B846F0BD0AD7233BCDCCCC3C0AD7A33DC2
:10728000DC2B03200AD7A33B202403204C3500200D
:1072900064240320CDCC4C3C00007A446F12033DA3
:1072A000803C03200AD7233C083D0320303D0320C7
:1072B00000401C463D0A573EF4FD543C66660640BD
:1072C000A83C032064470320E03C03208FC2F53C28
:1072D000E84703200050C3476F128339F0B5DE46FC
:1072E00057464E464546E0B583B0171C0E1C8146F6
:1072F00006F08AFE8046301C06F086FE4146051CDC
:1073000006F0E3FD354C2060301C06F08FFE414650
:10731000061C06F0DAFDE060484606F087FE802392
:1073200082461B065344381CA36106F07FFE51467B
:10733000814606F0CAFD8346381C06F065FE291C0E
:10734000071C584606F0C1FD311C0190381C06F0A0
:10735000BCFD011C019806F09EFD311C6060584682
:1073600006F0B3FD291C8346381C06F0AEFD011C57
:10737000584606F093FD41462061484606F0A5FDBB
:107380005146E061381C06F0A0FD291C824606F03B
:107390009CFD311C8346484606F097FD011C58466B
:1073A00006F07CFD311CA060504606F08EFD291CC5
:1073B000061C484606F089FD011C301C06F06BFDDA
:1073C00041466061381C06F080FD206203B0F0BCCD
:1073D000BB46B246A946A046F0BDC0463C3203209B
:1073E000F8B5CE4647462D4B80B51A682C4C9860B0
:1073F0005B68051C6168181C9046994606F065FD9F
:10740000A168061C281C06F060FD011C301C06F05B
:1074100045FD2168061C404606F057FD011C301C46
:1074200006F03CFD2169071C484606F04EFD6169E7
:10743000061C281C06F049FD011C301C06F02EFD20
:10744000E168061C404606F040FD011C301C06F0B9
:1074500025FDE169061C484606F037FD216A814694
:10746000281C06F032FD011C484606F017FDA169F4
:10747000051C404606F029FD011C281C06F00EFDE7
:10748000084B1F605E609860074B1F60074B1E60D3
:10749000074B1860C0BCB946B046F8BDA82D032004
:1074A0003C320320DC2D0320D02D0320D42D0320DB
:1074B000D82D0320F0B5DE4657464E464546E0B58A
:1074C00089B0F9F791F880231B069C46E64C2068AA
:1074D000604406F07FFDE54AE54B06F0CCF8E54A4E
:1074E000E54B06F0C8F806F07DF9E44B061C186081
:1074F00080231B069C466068604406F06BFDDB4AF7
:10750000DB4B06F0B8F8DB4ADB4B06F0B4F806F0CC
:1075100069F9DB4B051C1860A06806F05BFDD34AD7
:10752000D34B06F0A8F8D34AD34B06F0A4F806F0E4
:1075300059F9D44B041C18609A46D34BD34F984644
:10754000186806F047FDD24AD24B06F094F8D24AAA
:10755000D24B06F090F806F045F94346386058687B
:1075600006F038FDCA4ACB4B06F085F8CA4ACB4B29
:1075700006F081F806F036F94346C94F386098683E
:1075800080231B069C46604406F024FDC04AC14B84
:1075900006F071F8C04AC14B06F06DF806F022F90A
:1075A000C04BC14F1A68386091465F6880229B6863
:1075B00012069B4680234A4411001B065B449846F2
:1075C0000492BA4ABA4B1160BA4A311C176042465B
:1075D000301C1A6006F079FC291C061C281C06F0D9
:1075E00074FC011C301C06F059FC211C051C201CDD
:1075F00006F06BFC011C281C06F050FC06F0F4FCA5
:10760000AD4906F09FFC002802D00122AB4B1A7056
:10761000AB49484606F059FCAA49041C381C06F040
:1076200054FC011C201C06F039FCA749041C5846D8
:1076300006F04BFC011C201C06F030FCA34906F0B0
:107640002DFCA34906F041FCA249041C049806F055
:107650003CFCA149051C381C06F037FC011C281C09
:1076600006F01CFC9D49051C404606F02EFC011C42
:10767000281C06F013FC9A4906F00DFC994906F007
:1076800024FC9949051C484606F01FFC9749061C36
:10769000381C06F01AFC011C301C06F0FFFB944954
:1076A000061C404606F011FC011C301C06F0F6FBDF
:1076B000904906F0F0FB904906F007FC8F498046A0
:1076C000201C06F002FC8349061C281C06F0FDFB6A
:1076D000011C301C06F0E2FB8949061C404606F0FE
:1076E000F4FB011C301C06F0D9FB7649071C201C5A
:1076F00006F0EBFB7849061C281C06F0E6FB011C93
:10770000301C06F0CBFB7949061C404606F0DDFB39
:10771000011C301C06F0C2FB7A49061C201C06F036
:10772000D4FB6E49041C281C06F0CFFB011C201C56
:1077300006F0B4FB6E49041C404606F0C6FB011C73
:10774000201C06F0ABFB391C041C381C06F0BDFBEA
:10775000311C051C301C06F0B8FB011C281C06F06F
:107760009DFB211C051C201C06F0AFFB011C281CE6
:1077700006F094FB06F038FC634B051C9846011C90
:10778000381C06F08EFB4346291C1860301C06F09E
:1077900088FB5E4F291C3860201C06F082FB5C4A87
:1077A0005C4E1388306001339BB2082B07D01380E6
:1077B00009B0F0BCBB46B246A946A046F0BD0024C5
:1077C00002AB148002AA9446DC821623634418009C
:1077D00002F012FD0028EBD002ABD88A06F0B7FB0E
:1077E000C8224D4B051C1A805346186806F0F2FB60
:1077F0004A4A4B4B05F00FFF05F0F4FF494B4A4E48
:107800001A684A4B30601968494B1868FFF766FDE3
:10781000281CFFF7E5FD474F31683860F9F778FF1E
:10782000454B464A464E52681860464B80461A60A1
:1078300033685A1C3260322BBAD9281C06F0CAFBB6
:1078400004900591404606F0C5FB0290039138680C
:1078500006F0C0FB049A059B3B4D00900191280067
:1078600008F0CAFC3460A3E7EC2B032005A3923A8E
:10787000019D2340FCA9F1D24D62503F5C350020B0
:107880006035002064350020FC2B03207424032085
:10789000182D4454FB210940AD43437B3B4DD73E5B
:1078A00078240320643203207C240320E822032070
:1078B00000230320F42203200000484461480320F1
:1078C00079CB483F68C21EBF27D5653C8DA6DA42FA
:1078D000D559053BAE161E3F3A6448BF456D9D3DE8
:1078E0001D889142DC770E3B1B3C703D8279533DF5
:1078F000A1377F3FA0CE3D4409FF0E3B79CB48BF67
:107900001B3C70BD27D565BCE4220320F022032078
:1079100050480320FC22032058480320F27B9BFEA2
:10792000EC872340E023032040480320F423032076
:10793000502403206032032074360020343C03209E
:1079400028260320F82B032074690110F0B5DE46C9
:1079500057464E464546E0B591B0FFF7ABFDAB4B01
:107960009B469B89C72B11D85B461B8AC72B00D827
:107970006EE2FA225200934208D9FE21A44B8905F7
:10798000186806F0D1FA002800D08EE3A14BA24A75
:107990001868116806F07FFAA04BA14A041C116810
:1079A000186806F078FA9F4B9F4A8046116818685D
:1079B00006F071FA5B461B89051CC82B00D8B1E0A4
:1079C0009A4B9A464146381C06F065FA291C071C5A
:1079D000301C06F060FA211C061C484606F05BFAD3
:1079E000934B011C18000D9302F05AFB914B924DE2
:1079F000391C286018000E9302F052FB8F4B311C8B
:107A0000186098468E4B18000F9302F049FB8D4B7F
:107A1000041C18602868994606F0DCFA8A4A8B4BE9
:107A200006000F0005F078FE002800D1D2E0884B58
:107A3000884A2B60884B0A920B93884A884B0292A3
:107A40000393864A874B04920593824A864B089299
:107A50000993201C06F0BEFA7B4A7C4B04000D0003
:107A600005F05AFE002800D1A3E04A46784B7A4C34
:107A70001360784B009301944346186806F0AAFA05
:107A8000714A724B04000D0005F046FE002800D13B
:107A900076E00498059942466D4B744C13600023C0
:107AA000002205F0C1FD724B0490059106930794E6
:107AB0005346186806F08EFA6E4B06001C680F00DD
:107AC000201C06F087FA604A6B4B05F0D4FD5E4A35
:107AD000694B05F0B2FD02000B003000390005F0E3
:107AE0000DFE002800D00FE2644B1B78002B00D164
:107AF000E6E00020FEF7F8FD0020FEF799FE0020EA
:107B0000FEF73AFF0020FEF7E5FE0020FEF79AFDA3
:107B10000020FEF73BFE11B0F0BCBB46B246A946C2
:107B2000A046F0BD564B1B78082B00D12DE200215A
:107B3000544B002219600023534802604360534BAA
:107B40001960534B1960534B1960534B1960534BD9
:107B500019605B4698887138FF3806F0FDF9504986
:107B600006F09FF90022314B18609A464D4B1A805F
:107B70004D4B1B6899464D4B1F684D4B1E6821E7C6
:107B800020002900304A4B4B05F0BEFD002800D1F3
:107B900099E1029803994246474B484C13600023F1
:107BA000002205F041FD324B0290039106930794A9
:107BB0007EE720002900244A3E4B05F0A5FD002861
:107BC00000D177E14A463C4B274C1360214B009390
:107BD000019451E7300039001B4A364B05F094FD03
:107BE000002800D146E1344B1A4A2B601E4B0A9202
:107BF0000B931A4A1B4B02920393184A184B049298
:107C00000593144A144B0892099322E77435002017
:107C10000822002074240320DC230320782403207E
:107C20000C2403207C240320302403204824032038
:107C3000803C0320083D0320D82303200024032098
:107C4000303D0320142403209A99999999990D4065
:107C5000CDCC6C406766666120211A40703D8AE099
:107C600050212A4050212AC020211AC0AA9D264016
:107C70007B14AE540022002099991D4061480320D6
:107C80005D480320082C0320202A0020F431032023
:107C9000F8310320FC310320A02D0320A42D032064
:107CA00000C09E4454480320F023032010240320E6
:107CB0003824032099990DC0CDCC6CC0AA9D26C054
:107CC000069A079B0898099905F0AEFC009A019B5B
:107CD00005F0A1FC32003B0005F0A6FC05F082FD9A
:107CE000049A059B83460098019905F09DFC32009B
:107CF0003B0005F099FC05F075FD069A079B82464E
:107D00000898099905F087FC009A019B05F083FC0F
:107D100032003B0005F088FC05F064FD069A079BE5
:107D200080460A980B9905F076FC009A019B05F0B5
:107D30007BFC32003B0005F077FC05F053FD009A18
:107D4000019B051C0298039905F065FC32003B007D
:107D500005F06AFC05F046FD089A099B81460698E5
:107D6000079905F058FC009A019B05F05DFC320074
:107D70003B0005F059FC05F035FD211C071C584659
:107D800006F0DAF8261C002800D120E1211C381C5E
:107D900006F0D2F8A346002800D148E15046211C45
:107DA00006F0CAF8271C002800D136E14846211CFD
:107DB00006F0C2F8A246002800D124E14046211C6A
:107DC00006F0BAF8A146002800D113E1211C281CB6
:107DD00006F0B2F8002800D103E1C649301C06F0D5
:107DE000B1F8002800D12CE1C248FEF77DFC5846CE
:107DF000C04906F0A7F8002800D02CE15846FEF74D
:107E000017FDBC49381C06F09DF8002800D02CE175
:107E1000381CFEF7B1FD5046B64906F093F800282D
:107E200000D02CE15046FEF755FD4846B14906F01A
:107E300089F8002800D02CE14846FEF703FCAD4944
:107E4000201C06F07FF8002800D02CE1201C60E602
:107E5000FE21A94B8905186806F066F8002800D1B4
:107E600094E50022A54B1A70A54B1A700022A54B71
:107E70001A608BE53000A44AA44B390005F0FBFBE7
:107E8000A34A08900991A34B3000390005F0F3FB99
:107E90008022120694460B0063440E000899099A4A
:107EA00003931300050063440495059602900A911C
:107EB0000B93CEE520002900934A974B05F0DBFB9E
:107EC00000900191D8E520002900944A944B05F0D8
:107ED000D2FB00220690079100232000290005F024
:107EE000CAFB02000B0004000D000298039905F084
:107EF00092FB220002900391049805992B0005F053
:107F000093FB04900591D3E50024201CFEF7ECFBC5
:107F1000201CFEF78DFC201CFEF72EFD201CFEF71A
:107F2000D9FC201CFEF78EFB201CFEF72FFC0D98C1
:107F300002F088F80E9802F085F80F9802F082F8A7
:107F4000784B1C60784B1C60784B1C605B46D88873
:107F500005F0FDFF5B46764C2060588805F0F7FF82
:107F60005B46744C2060188805F0F1FF724A734B31
:107F70001268734C1A60734A734B126820601A605F
:107F8000724A734B12681A60C5E5724E0021306860
:107F900005F0CAFF002800D097E06F4B9A466F4B60
:107FA00099461E685F68002F00D085E0092E00D931
:107FB00082E00122002392197B4169490868494601
:107FC0000A604B605346196805F068FFCAE5211C3A
:107FD000381C05F0B1FF5E46A346002800D0DDE660
:107FE00025E04449301C2C1C05F0ACFF002800D0D3
:107FF000FAE626E0211C281CC14605F09DFF00285A
:1080000000D0EAE6EDE74046211C05F095FFCA46A0
:10801000A146002800D0D9E6ECE74846211C05F02F
:108020008BFF5746A246002800D0C7E6EBE7504634
:10803000211C05F081FFBB46271C002800D0B5E6B7
:10804000EBE7301CFEF750FB58462A4905F07AFF53
:10805000002800D1D2E62748FEF7EAFB2549381C64
:1080600005F070FF002800D1D2E62248FEF784FC1C
:108070005046204905F066FF002800D1D2E61D4891
:10808000FEF728FC48461B4905F05CFF002800D19C
:10809000D2E61848FEF7D6FA1649201C05F052FF22
:1080A000002800D1D2E6134833E50822134B1A709A
:1080B0000022134B1A7069E42A4B1868F9F70EFD79
:1080C000274B01221860002379E7FE23264A9B05EF
:1080D00012683360234B1A601F4B9A465B469888A0
:1080E0007138FF3805F038FF204905F0DAFE5346B5
:1080F000186054E73333733F082200205D480320A3
:108100006248032034240320736891ED7C3FFCBF58
:10811000AB3E575BB13F0CC07C3FFC3F174850FC67
:1081200018730840F0230320102403203824032070
:1081300048350020A8350020E0230320E423032055
:108140003C2403205024032054240320F423032040
:10815000F8230320082C03204C240320202A00208D
:10816000F4310320F03103207436002000C09E4417
:10817000F8B5DE46454657464E46B64BB64C9B6A6A
:10818000E0B580212360A423B44AD150FEF7A8FFB4
:10819000B34D2B78042B2DD8B24A9B00D3589F4661
:1081A000B14B1A78022A00D1FFE1032A00D168E21C
:1081B000D0238021AD4D1B062A788904002A00D1E6
:1081C0001BE15961AA4B1B78012B00D139E1A94B66
:1081D00051424A4100212A701980FFF7B7FBA64D92
:1081E0002B78042B00D13FE2A44A01332B70138873
:1081F00001331380974BA24A9B6A21681360A14AFE
:108200005B1A1360F0BCBB46B246A946A046F8BD57
:108210000020FEF769FA0020FEF70AFB0020FEF7B7
:10822000ABFB0020FEF756FB0020FEF70BFA002008
:10823000FEF7ACFA0022944B1A708E4B1A88092A6A
:1082400000D9CEE0D02180200906800401324861A7
:1082500091B28E4E1980F3888D4F1800984605F024
:1082600076FE386073888B4F1800994605F06FFED4
:10827000894B38609A463788380005F068FE5346C7
:108280001860794B1A78002A00D1B8E0012A00D191
:108290001FE2824B32899A4200D994E0E023B288EF
:1082A0005B009A4200D38EE09F4200D38BE07C4B70
:1082B000984500D887E02A33994500D883E0794A69
:1082C00013780133DBB21370322B00D8D3E13223A1
:1082D00013700122744B1A7004232B7092E7002054
:1082E000FEF702FA0020FEF7A3FA0020FEF744FB97
:1082F0000020FEF7EFFA0020FEF7A4F90020FEF7B9
:1083000045FA0122594D694B28781A7001F024FE74
:10831000D02280212B7812068904002B5FD0516176
:10832000C820544940000A88824252D201320A8051
:1083300060E7FA260020FEF7D7F90020FEF778FA6A
:108340000020FEF719FB0020FEF7C4FA0020FEF71C
:1083500079F90020FEF71AFA554CF6002388B3424B
:1083600000D24BE1534A934200D8B7E00323524C6A
:108370002B702068514905F094FD2060504C4F4906
:10838000206805F08EFD20604E4C4C49206805F0B9
:1083900088FD206036E700233E4A13603C4A1360A4
:1083A0003D4A1360484A1360484A1360484A1360C4
:1083B000414A1360424A1360424A136022E7454A29
:1083C0001278012A34D00022364B1A70364B1A70BC
:1083D00010E700220A805A4253412B700AE791614C
:1083E0009EE70021632A00D933E7D02180200906C7
:1083F00080040132886191B22BE79961E2E6C022E4
:10840000B1889200914216D2A021C9008F4212D9A0
:10841000904510D289450ED92F490A780132D2B23F
:108420000A70322ACBD932220A700121294A1170EE
:1084300001221A70E6E60022274B1A70254B1A70AB
:1084400027E70C4B1988632900D9C1E6013189B2AD
:10845000C2E6C0460040054040240320000005401D
:108460005B480320A47501105E480320F82100201A
:108470005F480320464803205A4803204848032009
:10848000A035002098350020614803207435002075
:1084900048350020A83500203C240320EA030000D2
:1084A0001606000065480320644803206048032046
:1084B000444803206F170000E42303200080BB45DD
:1084C00054240320F8230320DC2303200C2403205E
:1084D000302403206648032067480320FEF7EAFFA4
:1084E0002588B54241D1964E9649306805F0D9FCB1
:1084F0003060954E80469349306805F0D2FC934B2E
:10850000071C994630608F49186805F0CAFC4B4635
:1085100018608F4B061C994618688A4905F0C1FC03
:108520004B4618608B4B82469B461868854905F080
:10853000B8FC5B461860884B81469B4618688149A9
:1085400005F0AFFC5B4642461860844B1A615F61E0
:108550009E61834B1A6152465F619E61814B1A6036
:108560004A46814B1A60814B1860814A1378013367
:10857000DBB2042B00D1CFE013707E4E7E4B30680F
:10858000196805F08BFC7D4B30607D4E19683068B2
:1085900005F084FC7B4B30607B4E1968306805F039
:1085A0007DFC0135306025802CE6C021774A8900AA
:1085B0009088884252D2A0201588C00085424DD9AB
:1085C000D5888D424AD25288824247D970490A786A
:1085D0000132D2B20A70322A00D8AAE032220A70DE
:1085E00001216C4A117003221A7000226A4B1A7022
:1085F000D02380221B0692049A6103E6FEF75AFFFD
:108600004F4D664B2868196805F048FC644B28609C
:108610004D4D1968286805F041FC624B28604B4DB0
:108620001968286805F03AFC5F4B2860484D1968C6
:10863000286805F033FC5D4B2860464D19682868B2
:1086400005F02CFC5A4B2860434D1968286805F04A
:1086500025FC2388286001332380D3E500224C4B7E
:108660001A704C4B1A70A3E5002352482B700EF081
:1086700003F82B78B8E5504B1B78012B00D12BE683
:10868000B8E5C021414A89009088884217D2A020CD
:108690001488C000844212D9D4888C420FD25288E8
:1086A00082420CD93A490A780132D2B20A70322A8F
:1086B00039D9322301220B70364B1A70A2E5002102
:1086C000334A1170334A117000221A7003232B7041
:1086D00098E5C022B1889200914217D2A021C9002A
:1086E0008F4213D9904511D289450FD928490A786C
:1086F0000132D2B20A70322ADBD8264A1278002A16
:1087000000D07FE502221A702A707BE50021204A02
:108710001170204A1170F5E70023264813700DF000
:10872000ABFF258829E71B4A1278002A00D069E5AB
:10873000CAE7184A1278012A00D154E738E5C04642
:10874000DC2303200000FA440C24032030240320FF
:10875000EC220320F822032004230320802403209A
:10876000A0240320D4220320D0220320CC220320E3
:108770005A480320E4230320E0230320502403204D
:1087800054240320F4230320F8230320743500200D
:108790006748032066480320F82100207424032042
:1087A000782403207C240320E4220320F0220320E9
:1087B000FC2203204847032064480320F0B5FE262E
:1087C00000276F4BB6051E605F609F60DF601F6112
:1087D0005F619F616B4B6C4C1E605F609F60DF60F0
:1087E0001F615F619F61694B694D2360694B802107
:1087F00084228C20A7612763A7642766A767676028
:10880000E5616763E7646766E767A7602762A3635C
:1088100088236750A750E75025502765A766E76073
:108820006762E7636565E7662761A7622764A765F6
:1088300025676761E7626764E7656767564D574C70
:108840002560574DA761E561564D2763A7642766EC
:10885000A76767606763E764A563534D6750656505
:10886000524DA7502567524DE75025506766514D30
:10887000E767A76027622765A766E7606762E76327
:10888000E7662761A7622764A7656761E762676497
:10889000E7656767484C2E60EE61AE636F652F67D2
:1088A0002F506C60EC63AC606C62AC626C649824BA
:1088B0002F5104342F51043004342F502F510430E1
:1088C0000434AE502E622E642F50EE606E666F50F0
:1088D000AF656F67EF65AF672F66EF672F61EF6278
:1088E000AF646F612F63EF64AF66AF616F632F6535
:1088F0002E51324C083827606760A760304CEF502B
:1089000027501C302750183827501C302750183853
:1089100027501C30EF662660266226642750E761E8
:10892000A763676527676760E763A7656767A760F1
:108930006762E765A767E760A7626764183826661D
:108940006650A750E7501C311C321C33275067502B
:10895000A650E7501C301C311C321C33E7672750EF
:108960002761E762A7646766675067612763E7640A
:10897000A766A750A76167632765E766E650F0BD65
:1089800080240320A02403204028002082A87B38D4
:1089900017B751388BE1EA375EBAD93FF02800208B
:1089A000D1223340022B873F1F856B3E295C0F3E4F
:1089B00039B4483DAC350020000080BF6835002048
:1089C00014230320F0B5002483B04A480094019496
:1089D00007F08EFB0094009B062B27DC0027464EF9
:1089E000464D474C300007F007FC0197019B062BD2
:1089F00013DC0099019AD3009B1A5B189B00E8587E
:108A000005F0E8FA02000B00200007F0F5FB019BDF
:108A100001330193019B062BEBDD0A2007F01EFBBF
:108A2000009B01330093009B062BDBDD354807F0EC
:108A30005FFB00230093009B052B28DC00272E4EB4
:108A40002F4D314C300007F0D7FB0197019B052BD0
:108A500014DC0099019A53009B185B005B189B0083
:108A6000E05805F0B7FA02000B00280007F0C4FB3D
:108A7000019B01330193019B052BEADD0A2007F0DE
:108A8000EDFA009B01330093009B052BDADD1F48B4
:108A900007F02EFB00230093009B052B28DC00270A
:108AA000154E174D1A4C300007F0A6FB0197019B9D
:108AB000052B14DC0099019A53009B185B005B188E
:108AC0009B00E05805F086FA02000B00280007F032
:108AD00093FB019B01330193019B052BEADD0A20E7
:108AE00007F0BCFA009B01330093009B052BDADDF5
:108AF00003B0F0BDB0690110B46901101423032064
:108B0000B8690110C069011040280020C469011033
:108B1000F0280020F8B5324D2B88002B10D0314AB8
:108B2000934231D90322304B1A7000222F4B1A7016
:108B30002F4B1A7000222F4B1A6000232B80F8BD98
:108B4000FFF740FF2C4807F0D3FA2C4801F082FAD7
:108B50002B4807F0CDFA2B4801F07CFA2A4807F0A1
:108B6000C7FA2A4801F076FA294807F0C1FA2948DD
:108B700001F070FA284807F0BBFA284801F06AFAB9
:108B80002B88184A9342CDD81A4C206805F022FA57
:108B900002000B00224807F02FFB206805F01AFAAC
:108BA000204A214B04F040FD04F01CFE206000240C
:108BB0001E4F1F4E2B881B199B00F85805F00AFA10
:108BC000013402000B00300007F016FB212CF1D11C
:108BD0000A2007F043FA2B8821339BB2AEE7C04648
:108BE0004A480320F0BA00005B4803206048032095
:108BF0005E48032080360020C8690110803C0320B5
:108C0000DC690110083D0320F4690110303D0320A8
:108C1000086A0110A83C0320206A01106447032061
:108C2000386A01107B14AE47E17A843F8436002015
:108C3000406A0110F0B54546DE4657464E46E0B55F
:108C4000324B334C334A1B68A5441360324B3349D3
:108C50001B6809685360324BFF271B686F449360A1
:108C6000304B3F09196030493F01096859602F496D
:108C7000096899602E490968D9602E490968196107
:108C80002D49096859610CA9884631CB31C131CBD6
:108C900031C106AB994613CA13C390239A46BA440E
:108CA00090222649504605F089FB9022380024493D
:108CB00005F084FB234C12AB26009B461D00A83612
:108CC000214901CC05F001F901C5B442F8D109AB45
:108CD00019001E4A31CA31C104935B4603935346BF
:108CE00001934B46184C0093194A43461949059481
:108CF00002971948FAF7BAF987239B009D44F0BC04
:108D0000BB46B246A946A046F0BDC0467424032027
:108D1000E4FDFFFF08230320782403205C350020B6
:108D20007C240320BC24032060350020643500200F
:108D3000E4220320F0220320FC220320402800200C
:108D4000F0280020AC3500200AD7233C68350020ED
:108D50001423032080240320A0240320F0B5DE4642
:108D600057464E464546E0B5274BB1B01993274BC1
:108D70000A93274B9A46274B0B93274B0C93274B71
:108D80009946274B2493274B0F93274B2E93274B22
:108D90002993274B1893274B0893274B2893274B4E
:108DA0001793274B1693274B0D93274B2593274B50
:108DB0002693274B2793274B2293274B2393274B0D
:108DC0000993274B9B46274B0E93274B1C93274B0E
:108DD0001D93274B2A93274B2B93274B2C93274BE1
:108DE0001E93274B1F93274B2093274B2193274BF1
:108DF0002D93274B2F93274B1A93274B1B934B46AF
:108E0000D946D3469A4674E04847032044240320B9
:108E100080240320E023032050240320F423032094
:108E20009C2403205D48032008220020EC2303201B
:108E3000E8230320743500205C24032058240320F9
:108E4000FC230320E03C0320202403204C35002099
:108E50006424032048240320FC210020F023032065
:108E60001024032038240320A83C03206447032057
:108E700048350020A83500203C240320E4230320AB
:108E800054240320F8230320042200205F480320F9
:108E90004A480320A43500209C35002030003900CA
:108EA00004F0A0FC099B18604B46186805F092F886
:108EB00004000D0002000B003000390004F024FC17
:108EC000002800D143E23000390004F08BFC4B460F
:108ED0001860089B9B89C82B00D82EE2FDF726FF5F
:108EE000E34B1A9A9B6A13600A9A12689B1A1B9AA0
:108EF0001360199C20000DF017FC200000210DF0DC
:108F0000F3FBDB4B0A9A9B6A1360FFF793FE5B4609
:108F10001C685E68211C201C9F68DD6804F0D5FF7A
:108F2000311C0390301C04F0D0FF391C0490381C15
:108F300004F0CBFF291C0590281C04F0C6FF291C57
:108F40000690381C04F0C1FF311C8046201C04F040
:108F5000BCFF011C404604F0A1FF011C04F09EFF71
:108F600004990790039804F096FF059904F093FF85
:108F7000069904F093FF8046011C079805F068F8F5
:108F80000B9B1860079B191C181C04F09EFF4146A0
:108F90000790404604F099FF011C079804F07EFFFB
:108FA00005F022F8291C8046301C04F08EFF391C85
:108FB0000790201C04F089FF011C079804F06BFF48
:108FC000011C04F06BFF80231B069C464146604455
:108FD00005F03EF80C9B04991860039804F05EFFBE
:108FE000059904F058FF069904F055FF391C804696
:108FF000301C04F06AFF291C061C201C04F065FFCD
:10900000011C301C04F04AFF011C04F047FF4146DC
:1090100005F01EF85246249B1B6813600F9B1B78BB
:10902000642B00D1AEE1299A924B1360089BD8883B
:1090300004F090FB0022904B04F0EDFA04F0D2FB18
:1090400004F0C8FF8D4A8E4B04F015FB02000B00A4
:1090500004F0EAFA00228B4B04F0EFFAC0228A4BAC
:10906000120604F0D8FA04F0BDFB189B1860289A89
:10907000864B089C1360608804F06CFB0022844BD4
:1090800004F0C9FA04F0AEFB04F0A4FF814A824B5D
:1090900004F0F1FA02000B0004F0C6FA00227F4B44
:1090A00004F0CBFAA0227E4B120604F0BDFA04F0C5
:1090B00099FB179B1860208804F04CFB0022744B2E
:1090C00004F0A9FA04F08EFB04F084FF6B4A6C4BA9
:1090D00004F0D1FA02000B0004F0A6FA00226F4B54
:1090E00004F0ABFA04F07EFB169B00211860534697
:1090F000F82219606B4B920501930D9800926A4A11
:1091000000F098FF259801F045F8269801F042F804
:10911000279801F03FF8229B186804F05BFF239B1F
:10912000040018680D0004F055FF604A604B04F01D
:10913000A2FA5E4A5E4B04F080FA02000B002000A7
:10914000290004F0DBFA002800D1B9E00023099AD5
:109150000E9D13604A461C9813602B6000F072FF4E
:109160001D9800F06FFF0D9800F06CFF089CE088E0
:1091700004F0EDFE2A9B1860608804F0E8FE2B9B4B
:109180001860208804F0E3FE2C9B1E9A18600B9B4D
:1091900028681B6813600C9B1F9A1B68136053465A
:1091A000209A1B68136004F015FF219B04001868C7
:1091B0000D0004F00FFF3F4A3F4B04F05CFA002221
:1091C0003E4B04F03AFA06000F0002000B002000AC
:1091D000290004F0A1FA00282FD03000390004F053
:1091E00001FB0E9B1860099B186804F0F3FE040055
:1091F0000D0002000B003000390004F085FA002851
:1092000000D04BE680231B069C46BC446346129666
:1092100013932000129A139B290004F075FA00287A
:1092200000D141E63000390004F0DCFA80231B064F
:109230009C46099B6044186036E680231B069C46CA
:10924000BC446346109611932000109A119B29008C
:1092500004F05AFA0028C6D03000390004F0C2FAEF
:1092600080231B069C460E9B60441860BBE7C046EB
:1092700000400540A6922BBC00588F40E0F09C7641
:109280002F1B044000D893405472853F35FA8E3D21
:1092900000009040182D4454FB21F93F0080944079
:1092A00046DFB13F0AD7233C0050C3479A999999AA
:1092B00099991D406E861BF0F92109400080664097
:1092C0001F9B19680C9B186804F0E5FD179B011C97
:1092D000186804F0E0FD209B051C196853461868C7
:1092E00004F0D9FD169E011C306804F0D4FD1E9BCD
:1092F000041C19680B9B186804F0CDFD189B011C19
:10930000186804F0C8FD011C1C9800F0C9FE099BF8
:10931000291C18601D9800F0C3FE4B46211C1860E4
:109320000D9800F0BDFE0F9B0E9A1B781060072B66
:1093300000D138E73068106035E72D9A1378002B9C
:1093400000D1CDE5002313702F9A1380C8E5802348
:109350001B069C46BC446346149615932000149A41
:10936000159B290004F0D0F9002800D1B1E53000A8
:10937000390004F037FA80231B069C464B466044B4
:109380001860A6E5FE212E9B8905186804F0CCFD27
:10939000002800D0BFE66AE610B502F085FF04F0B1
:1093A0000BFE00232B4A2C4C136053609360D36058
:1093B000136153619361D3611362284A2060136083
:1093C00053609360264A136053609360254A13608C
:1093D00053609360D360136153619361224A1360B9
:1093E00053609360D3601361536193611F4A2048B7
:1093F000136053609360D360136153611D4A13601F
:109400005360936000F0BEFE1B4800F0FFFD1B4858
:1094100000F0FCFD1A4800F0F9FD1A4800F0F6FDD6
:10942000194800F0F3FD194800F0F0FD184800F06D
:10943000EDFD184800F0EAFD174800F0E7FD174879
:1094400000F0A0FE164800F09DFE164800F09AFEBF
:1094500010BDC0463C32032058470320A82D0320EE
:10946000DC2D0320A024032080240320BC2403201F
:10947000DC2B032008230320803C0320083D03202D
:10948000303D0320A83C032064470320E03C032038
:10949000A4470320E8470320144803202024032086
:1094A0004C35002064240320F0B54746CE4680B5F5
:1094B00087B01F000EAB0D0002CB04001B7888465E
:1094C0009946484610AB1E7811AB197812AB1B7841
:1094D0003602064309041B060E431E434346E3605F
:1094E0003B4B25606260A76090009A4201D9012041
:1094F000404204F06DFF266160614C4635493800FA
:1095000003F074F9631E9C41D02364421B061C4087
:10951000314B06009C46314B2800F918090D0631E5
:10952000C9B2644401F0E6FF012341462A000093DA
:10953000380003F0D7F902AB994680235B0202930F
:10954000F31CF2011B031343254AAD0213404A46A4
:109550005360F823DB011D4080239B052B4305202E
:10956000D360946001F0C0FF04F0F1FC1D4904F0E9
:1095700098FCEC21890504F091FC051C04F00EFD1B
:1095800084B20023002C0ED0200004F0E0FC011C6B
:10959000281C04F080FC8721C90504F096FC04F027
:1095A000FDFCC3B21B022404320041461C433800B8
:1095B0004B46029403F0F0F9414601238B403A6890
:1095C00013433B6007B0C0BCB946B046F0BDC046CF
:1095D000FEFFFF1FB8750110000006700000E0AF2D
:1095E000FFFFFF9F0024F44A70B586B004000AA86C
:1095F00020C8007801281DD002280FD000280AD1E9
:1096000003260496013E0396013E01900296200037
:109610000095FFF749FF200006B070BD03900120C0
:109620000326029003300190049620000095FFF776
:109630003BFFF0E7039002200326029000200496EF
:10964000019000952000FFF72FFFE4E7436810B575
:109650008B4235D9436989005918037C032B30D0DC
:109660004AD8012B45D0022B65D113041B0E447C34
:109670001B02032C2BD0032C4CD8012C4FD0022CD6
:1096800002D11404240E2343847C1B02032C25D016
:10969000032C3AD8012C46D0022C02D11404240EFB
:1096A0002343C07C1B0203281FD0032828D801288D
:1096B0003DD0022802D11204120E13431B020B608C
:1096C00010BD1302447C1B0E1B02032CD3D11402C9
:1096D000240E2343847C1B02032CD9D11402240EB4
:1096E000C07C23431B020328DFD11202120E134356
:1096F000E4E7FF231340BAE7042B1CD1130EB6E7AF
:109700000428DBD1120E1343D8E7042CC9D1140E60
:109710002343C6E7042CB7D1140E2343B4E7FF2438
:1097200014402343B0E7FF2414402343B9E7FF204C
:1097300002401343C2E7002399E7C04670B545686D
:10974000002D12D0C6680121330010339940826881
:109750004069AD0004362D18B600046853681942FC
:10976000FCD10430B450A842F7D170BD10B5654C9F
:1097700000212000644AFFF769FF01212000624AAE
:10978000FFF764FF022120005F4AFFF75FFFE1223D
:10979000032120001204FFF759FFE12204212000D9
:1097A0001204FFF753FFE122052120001204FFF706
:1097B0004DFFE12206212000FFF748FFE1220721AB
:1097C0002000FFF743FFE12208212000FFF73EFFC2
:1097D000E122092120001202FFF738FFE1220A21CD
:1097E00020001202FFF732FFE1220B2120001202BB
:1097F000FFF72CFFE1220C2120001202FFF726FFC9
:10980000E1220D2120001202FFF720FFE1220E21AC
:1098100020001202FFF71AFFE1220F21200012029E
:10982000FFF714FF002210212000FFF70FFF002296
:1098300011212000FFF70AFFE12212212000FFF78B
:1098400005FFE12213212000FFF700FFE122142190
:109850002000FFF7FBFEE12215212000FFF7F6FEB6
:10986000E12216212000FFF7F1FEE122172120005E
:10987000FFF7ECFEE12218212000FFF7E7FE0022AF
:1098800019212000FFF7E2FE00221A212000FFF735
:10989000DDFEE1221B2120001204FFF7D7FEE122AA
:1098A0001C2120001204FFF7D1FEE1221D2120001F
:1098B0001204FFF7CBFEE1221E2120001204FFF765
:1098C000C5FEE1221F2120001204FFF7BFFEE122A6
:1098D000202120001204FFF7B9FEE12221212000FF
:1098E0001204FFF7B3FEE122222120001204FFF749
:1098F000ADFE002223212000FFF7A8FE2000FFF785
:109900001DFF10BD20320320E1870000E12210B5C9
:109910006D4C002120001202FFF798FEE122012188
:1099200020001202FFF792FEE12202212000120223
:10993000FFF78CFEE122032120001202FFF786FED2
:10994000E122042120001202FFF780FEE12205211E
:1099500020001202FFF77AFEE12206212000120207
:10996000FFF774FEE122072120001202FFF76EFECE
:10997000E122082120001202FFF768FEE1220921FE
:1099800020001202FFF762FEE1220A2120001202EB
:10999000FFF75CFEE1220B2120001202FFF756FECA
:1099A000E1220C2120001202FFF750FEE1220D21DE
:1099B00020001202FFF74AFEE1220E2120001202CF
:1099C000FFF744FEE1220F2120001202FFF73EFEC6
:1099D000E122102120001202FFF738FEE1221121BE
:1099E00020001202FFF732FEE122122120001202B3
:1099F000FFF72CFEE122132120001202FFF726FEC2
:109A0000E122142120001202FFF720FEE12215219D
:109A100020001202FFF71AFEE12216212000120296
:109A2000FFF714FEE122172120001202FFF70EFEBD
:109A3000E122182120001202FFF708FEE12219217D
:109A400020001202FFF702FEE1221A21200012027A
:109A5000FFF7FCFDE1221B2120001202FFF7F6FDBB
:109A6000E1221C2120001202FFF7F0FDE1221D215E
:109A700020001202FFF7EAFDE1221E21200012025F
:109A8000FFF7E4FDE1221F2120001202FFF7DEFDB7
:109A9000E122202120001202FFF7D8FDE12221213E
:109AA00020001202FFF7D2FDE12222212000120243
:109AB000FFF7CCFDE122232112022000FFF7C6FDB3
:109AC0002000FFF73BFE10BD2032032010B5644C90
:109AD00000212000634AFFF7B9FD01212000614AFF
:109AE000FFF7B4FD022120005E4AFFF7AFFD03211E
:109AF00020005C4AFFF7AAFD04212000594AFFF725
:109B0000A5FD05212000574AFFF7A0FD06212000F2
:109B1000544AFFF79BFD002207212000FFF796FD26
:109B2000002208212000FFF791FDE12209212000F9
:109B30001202FFF78BFDE1220A2120001202FFF73B
:109B400085FDE1220B2120001202FFF77FFDE122BB
:109B50000C2120001202FFF779FDE1220D212000E7
:109B60001202FFF773FDE1220E2120001202FFF71F
:109B70006DFDE1220F2120001202FFF767FD002298
:109B800010212000FFF762FD002211212000FFF7C5
:109B90005DFDE12212212000FFF758FDE122132193
:109BA0002000FFF753FDE12214212000FFF74EFDB6
:109BB000E12215212000FFF749FDE12216212000B6
:109BC000FFF744FDE12217212000FFF73FFDE122CE
:109BD00018212000FFF73AFD002219212000FFF78D
:109BE00035FD00221A212000FFF730FDE1221B2164
:109BF00020001204FFF72AFDE1221C21200012049C
:109C0000FFF724FDE1221D2120001204FFF71EFDB5
:109C1000E1221E2120001204FFF718FDE1221F217E
:109C200020001204FFF712FDE1222021200012047F
:109C3000FFF70CFDE122212120001204FFF706FDB1
:109C4000E122222120001204FFF700FD002223213F
:109C50002000FFF7FBFC2000FFF770FD10BDC046A1
:109C600020320320E187000010B55C4CE122002186
:109C70002000FFF7EBFCE12201212000FFF7E6FCCA
:109C8000E12202212000FFF7E1FCE1220321200074
:109C9000FFF7DCFCE12204212000FFF7D7FCE122E2
:109CA00005212000FFF7D2FCE12206212000FFF76A
:109CB000CDFCE12207212000FFF7C8FCE1220821AA
:109CC0002000FFF7C3FCE12209212000FFF7BEFCC2
:109CD000E1220A212000FFF7B9FCE1220B2120003C
:109CE000FFF7B4FCE1220C212000FFF7AFFCE122DA
:109CF0000D212000FFF7AAFCE1220E212000FFF732
:109D0000A5FCE1220F212000FFF7A0FCE122102199
:109D10002000FFF79BFCE12211212000FFF796FCB9
:109D2000E12212212000FFF791FCE1221321200003
:109D3000FFF78CFCE12214212000FFF787FCE122D1
:109D400015212000FFF782FCE12216212000FFF7F9
:109D50007DFCE12217212000FFF778FCE122182189
:109D60002000FFF773FCE12219212000FFF76EFCB1
:109D7000E1221A212000FFF769FCE1221B212000CB
:109D8000FFF764FCE1221C212000FFF75FFCE122C9
:109D90001D212000FFF75AFCE1221E212000FFF7C1
:109DA00055FCE1221F212000FFF750FCE122202179
:109DB0002000FFF74BFCE12221212000FFF746FCA9
:109DC000E12222212000FFF741FCE1222321200093
:109DD000FFF73CFC2000FFF7B1FC10BD2032032050
:109DE00010B55C4C002200212000FFF72FFC002260
:109DF00001212000FFF72AFC002202212000FFF7AA
:109E000025FC002203212000FFF720FC0022042172
:109E10002000FFF71BFC002205212000FFF716FCA5
:109E2000002206212000FFF711FC0022072120005C
:109E3000FFF70CFC002208212000FFF707FC00229E
:109E400009212000FFF702FC00220A212000FFF771
:109E5000FDFB00220B212000FFF7F8FB00220C2164
:109E60002000FFF7F3FB00220D212000FFF7EEFB9F
:109E700000220E212000FFF7E9FB00220F21200025
:109E8000FFF7E4FB002210212000FFF7DFFB002298
:109E900011212000FFF7DAFB002212212000FFF73A
:109EA000D5FB002213212000FFF7D0FB0022142154
:109EB0002000FFF7CBFB002215212000FFF7C6FB97
:109EC000002216212000FFF7C1FB002217212000ED
:109ED000FFF7BCFB002218212000FFF7B7FB002290
:109EE00019212000FFF7B2FB00221A212000FFF702
:109EF000ADFB00221B212000FFF7A8FB00221C2144
:109F00002000FFF7A3FB00221D212000FFF79EFB8E
:109F100000221E212000FFF799FB00221F212000B4
:109F2000FFF794FB002220212000FFF78FFB002287
:109F300021212000FFF78AFB002222212000FFF7C9
:109F400085FB002223212000FFF780FB2000FFF784
:109F5000F5FB10BD2032032010B5012802D0FFF719
:109F60003FFF10BDFFF7D2FCFBE7C04670B51B4CAE
:109F70002388002B09D001339BB21A001E3A511ED0
:109F80008A4152421340238070BD154E154D002268
:109F900028003178FFF75AFB31780022280023315E
:109FA000FFF754FB3378232B13D900210023C82259
:109FB000280092033370FFF749FBC822317828004C
:109FC00023319203FFF742FB2800FFF7B7FB2388FA
:109FD000D1E70133DBB21900E9E7C0464E48032060
:109FE0000C22002020320320012300B583B001930E
:109FF0000023242200931021024B0348FFF7F4FAB8
:10A0000003B000BD0000205020320320064B074A59
:10A010000360074BC26043600023836043620362B6
:10A020000361C2617047C04677CC2B320AD7233C0C
:10A0300020BCBE4C8360009B0160C360019B4260FA
:10A04000C36170470023436203620361436183611C
:10A050007047C046F0B5040089B0006803F0BAFF4D
:10A060000600E0690F0003F0B5FF06900791E06875
:10A0700003F0B0FF04900591A06803F0ABFF0290DD
:10A080000391606803F0A6FF044D00900191320037
:10A090003B00280006F0B0F809B0F0BD486A011096
:10A0A000F8B5C369DE4657464E4645469B460369AA
:10A0B000E0B50400181C9A460E1C03F0EFFE59464A
:10A0C00003F003FFFC21890503F0FFFE616803F044
:10A0D000E8FE616A03F0E2FE2849051C03F032FF46
:10A0E000002848D12649281C03F026FF002800D06C
:10A0F000234DA368E06899466562011C03F0CEFE1B
:10A10000494603F0E2FE8046011C584603F0C6FEB5
:10A110005946071C404603F0BEFE216A03F0D5FEF7
:10A12000391C03F0BEFE49468046484603F0B6FEA1
:10A1300051468146301C03F0AEFE011C484603F038
:10A14000C4FE391C03F0ADFE011C404603F0A6FE20
:10A15000291C071C20622661301C03F09FFE391C5D
:10A1600003F09CFE216803F0B0FEF0BCBB46B24693
:10A17000A946A046F8BD014DBBE7C0460060EA46CF
:10A180000060EAC600230360014B436083607047B0
:10A190000AD7233B002303607047C04641608260BA
:10A1A0007047C04670B50B4C2378002B00D070BDB3
:10A1B000094D280000F040F90028F8D03C23322255
:10A1C0000221280000F08AF9280000F0ADF90123EF
:10A1D0002370ECE763480320D8250320044B10B517
:10A1E0001B78002B02D0034800F0B0F910BDC04628
:10A1F00063480320D8250320064A0300107800286E
:10A2000007D0054A107A002803D0002B01D0D2884D
:10A210001A80704763480320D825032010B52921F0
:10A22000014800F0EBF810BDD82503209446F0B5A6
:10A23000541EE20F1219654601244746CE462540BA
:10A24000A84680B55210914252DA0C00661C740088
:10A25000B6008519865B2700B1462C4EA6197600FC
:10A26000365A4E4527D9013C66008519C719865BC9
:10A27000023F3E809442E9DB4246002A24D0621E1F
:10A28000D60FB61876108C4209DC0FE0741E2A80B7
:10A29000E20F121952103400B14227DA1600720090
:10A2A0008718825A650045199A42EFD32B80C0BCAB
:10A2B000B946B046F0BD4F460619023E378094427B
:10A2C000C4DB4246002ADAD16646023EF20F9219FA
:10A2D0005210A242D3D10D4A01346400A218520098
:10A2E000125A013C2A8065004519C8E73D00DDE7A8
:10A2F00042464D004519002AD8D16246023AD40F91
:10A30000A21852109142D1D10C00E4E7FFFFFF7F69
:10A31000F0B5C64605000E00170000B50B1A202B3D
:10A320005EDD5A1090469B10002F3ED05B00EA186D
:10A33000B01E01889046EB5A6A888C46013F2988F6
:10A34000AC1C9A424FD2634551D362451BD263463F
:10A350002B8001802A8808006988B31E01E061888B
:10A3600002349142FBD3904203D9023B18889042B9
:10A37000FBD89C420BD22080023B59806188188810
:10A380002A880234EDE72A8069800088E5E73A00F0
:10A3900031002000FFF7BCFF631B202B20DD5A108B
:10A3A000260090469B10002FC0D15C1E00E0013CAF
:10A3B0006300424621002800EB5AFFF737FF002CCC
:10A3C000F5D1731B022B0BDD023E2A88741B3388E8
:10A3D0000021328028006210FFF728FF022CF3DCF6
:10A3E00080BCB846F0BD6245CDD36345AFD32B806A
:10A3F0004346198069882A880088AEE770B5002531
:10A400000400094B05724380084B018043600A2217
:10A4100000210A3003F0CCFF054B2000E361054B1F
:10A420006561A561236270BD00FFFFFF0000FFFFB3
:10A43000000080BF9A99993EF0B583B0060005F000
:10A4400009FE2149214802F0B1FC03211A2001F044
:10A4500051F803211B2001F04DF8002201211A20A0
:10A4600001F062F8002201211B2001F05DF818487C
:10A4700001F0ECFD6B46DD1D0023142401272B7039
:10A480000AE02900308800F025FC013C0A2001F098
:10A49000DDFD2B78002C0AD01F42F2D0308800F06E
:10A4A000F5F901000120002908D103B0F0BD1F42D9
:10A4B000F4D1084805F01CFE0020F6E7064805F038
:10A4C0009BFE0020F1E7C046801A060070220020A3
:10A4D000B80B0000786A01108C6A0110F8B505000D
:10A4E000008817001E0000F029FB390004002888AE
:10A4F00000F05AFA31000443288800F0C7FB64B228
:10A50000102104431022288800F01AFC64B204438E
:10A5100061B20120002900D1F8BD024805F06CFEAF
:10A520000020F9E7AC6A011010B5008800F010FABD
:10A53000041E03D163425C41E0B210BD2100024819
:10A5400005F05AFEF6E7C046C86A0110F0B5DE46CF
:10A550004E4657464546E0B5811C060085B000884A
:10A5600000F0FCF9031E00D091E0B2780020002A30
:10A5700006D105B0F0BCBB46B246A946A046F0BD28
:10A58000B370F11C308800F0C3FB311D040030882B
:10A5900000F0B0FB0443308800F0D4F964B2044307
:10A5A00064B2002C6FD1F378002B6CD1013333727D
:10A5B000B36970699B46B288042B77DC01235B4446
:10A5C000B3619A465B4604335B00F3185A80052159
:10A5D000013002F0BDFD53467161002B00DC7EE0CE
:10A5E00031005C0001AD220028000A3103F0E6FED4
:10A5F0002B199946D346022C19D06B469F1D022376
:10A60000A8469A463C882B889C4242D27A1B022A52
:10A6100000DC31E15346981A290038180AF0B8F9DD
:10A620002C8002239C460237E0444F45EAD1DA46AB
:10A630005346DB0FF46953445B105B000021201C80
:10A64000ED5A03F079FC002845D1376A280003F061
:10A6500083FC391C03F039FC051CFE20391C8005E5
:10A6600003F019FC211C03F030FC011C281C03F032
:10A6700015FCFC21F061890503F010FC03F08EFC51
:10A68000F080012075E700230120337271E700207C
:10A690006FE743461A88944200D3F2E05A801900CB
:10A6A000023B1A889442F9D30C80BAE7031D5B0081
:10A6B000F3185A800521013002F04AFD5B467161B2
:10A6C000310001AD5A0028000A3103F077FE0E2355
:10A6D0006B44994691E7280003F039FCC9E75C0018
:10A6E00001AD002CA4D02B196010994602F02AFD70
:10A6F0001F231B1A5B00A3469846202C00DCC3E0F6
:10A700004F465B4642465C109B10002A4DD001220A
:10A71000524294465B00EA18E044EB5A94466A8839
:10A72000B81E048829889A422AD2A34230D3A24272
:10A7300035D30B041343019300886B469C1DBB1E4D
:10A7400001E0618802349142FBD3904203D9023B7D
:10A7500018889042FBD89C4207D22080023B598047
:10A7600061882A8818880234EDE7424639002000C3
:10A77000FFF7CEFD631B9B46202B3DDD2700C0E786
:10A78000A24203D22A8069800088D6E7A34206D37A
:10A790002B806346198069882A880088CDE72C8041
:10A7A00001802A8808006988C7E7013B9B465B0057
:10A7B0009846A84403E001235B429C46E344434699
:10A7C00022001B8859462800FFF730FD02235B4218
:10A7D0009C465B46E044002BEDD17B1B022B0BDD3E
:10A7E000023F2A887C1B3B8800213A8028006210A7
:10A7F000FFF71CFD022CF3DC22236B449846022356
:10A800002F009B4638002A8844880237390003000D
:10A81000944694421ED27A1B022A28DD5B46981A7F
:10A82000290038180AF0B4F82C80B845EAD144461B
:10A8300009AF398822882300914216D25A80180025
:10A84000023B1A889142F9D3023701800234B9459C
:10A85000EFD1EDE60288A24205D95A801900023BE9
:10A860001A889442F9D30C80DFE73800ECE7022A1B
:10A87000DAD163464380D7E7022A00D0D0E63B8096
:10A88000CEE639000C80CCE6D346B4E6F0B54746B8
:10A89000CE4606002D24002580B5294F83B03A5DB1
:10A8A000A1B2300000F08AFA013405436DB2882C61
:10A8B000F5D140228721300000F080FA6B46DF1D81
:10A8C0000123984605436DB23A003021300000F074
:10A8D0001BFB3B7804003A0031213000994600F020
:10A8E00013FB044364B2002C27D14B463A781B0972
:10A8F000534042461A42E7D001228621300000F040
:10A900005DFA002204008721300000F057FA20434E
:10A91000054309220821300000F050FA6CB20022F1
:10A920000B210443300000F049FA64B2204340B2E6
:10A9300003B0C0BCB946B046F0BD2543C4E7C0462D
:10A94000B375011010B50122862100F037FA10BD51
:10A9500010B54022872100F031FA10BDF0B5C6468F
:10A9600000B582B06B46DD1D2A000F0030210400C7
:10A9700000F0CAFA2B7806002A0031212000984600
:10A9800000F0C2FA304340B2002807D143461A090A
:10A990002B785340DB0705D501233B7002B080BC08
:10A9A000B846F0BD3870F9E7F0B583B06B46DF1DEF
:10A9B0000C003A004B21050000F0A6FA3B78060097
:10A9C0000A2B16D0322C00D18DE026D8142C00D1C1
:10A9D000A1E0212C00D184E00F2C5DD11D225E214D
:10A9E000280000F01BFA27226121280000F016FA47
:10A9F00038E0642C52D025D8212C5CD0322C34D0B5
:10AA0000142C49D11E225E21280000F007FA2222D0
:10AA10006121280000F002FA24E0C82C00D16FE088
:10AA2000FA235B009C4251D0642C35D15E21280072
:10AA30003A4A00F0F3F9E22261212800920000F086
:10AA4000EDF90FE0C82C1BD0FA235B009C4223D108
:10AA50005E21334A280000F0E1F961212800314AE3
:10AA600000F0DCF9300003B0F0BDAD225E2128001B
:10AA700000F0D4F9C6226121280000F0CFF9F1E7F7
:10AA80005E212800284A00F0C9F9BE226121280071
:10AA9000920000F0C3F9E5E70126E3E7E6225E2134
:10AAA0002800520000F0BAF9F52261212800520076
:10AAB00000F0B4F9D6E760225E21280000F0AEF97C
:10AAC0006E226121280000F0A9F9CBE75E21280061
:10AAD000164A00F0A3F961212800154A00F09EF9FA
:10AAE000C0E7D622E8E7D7225E212800520000F016
:10AAF00095F9F42261212800520000F08FF9B1E7A6
:10AB00005E2128000B4A00F089F9612128000A4AD9
:10AB100000F084F9A6E75122CEE7C046E10200002A
:10AB20008F040000A4040000D90200009105000079
:10AB3000C1050000E10300009604000070B582B07A
:10AB40006B469E1D32000D005E21040000F02AFAC3
:10AB5000D72233885200934200D174E02ED8512B73
:10AB600000D17DE060D80F261D2B66D1002834D19E
:10AB7000012D34D0022D30D10A224B21200000F0CB
:10AB80001DF90F226021200000F018F90D22632129
:10AB9000200000F013F9B8226921200000F00EF91E
:10ABA0007821314A200000F039F97A2120002F4A1B
:10ABB00000F034F9002832D002B070BD2C4A934224
:10ABC00043D044D82B4A93423FD02B4A934249D09A
:10ABD000163AFF3A64269342C8D00120ECE71422CB
:10ABE0004B21200000F0EAF807226021200000F04D
:10ABF000E5F805226321200000F0E0F83822692101
:10AC0000200000F0DBF878211C4A200000F006F953
:10AC10007A2120001A4A00F001F90028CCD1310035
:10AC20002000FFF7C1FEC7E7AD2B0CD02126D62BA5
:10AC30009CD0602B9AD00120BEE705361E2B00D198
:10AC400094E70120B8E7322690E7C8268EE70D4A40
:10AC5000934202D00C4A9342BFD1FA26760085E790
:10AC6000142683E7642681E70D0F00000E0E000016
:10AC7000E1030000D9020000E10200000507000026
:10AC8000060600008F04000091050000F0B583B0B7
:10AC90006B469F1D3A000C00DE21050000F082F992
:10ACA0003B8806009B05980D3880604302F04EFDFE
:10ACB000064B074A02F0DFFC02F088FD6C2102001F
:10ACC000280000F0E5F8300003B0F0BD3333F13F69
:10ACD0003333333330B583B06B46DD1D00230C00B6
:10ACE0002A00E5212B7000F00FF92B78237003B0B8
:10ACF00030BDC04630B583B06B469D1D0C002A00A8
:10AD0000962100F04FF92B88238003B030BDC04658
:10AD1000FF2330B583B00B706B46DD1D2A000C009D
:10AD2000892100F0F1F81F232A781340172B02D84D
:10AD3000024AD35C237003B030BDC046C875011011
:10AD4000F0B54746CE4680B583B00E006B469F21D6
:10AD500090464900DA1D070000F0D6F8351C0400C3
:10AD6000102E00D9102543464246ADB2102B00D913
:10AD7000102293B299460A2E02D843460A2B1AD9BA
:10AD80006A46C723D371C7227F21380000F016F826
:10AD90004A46013A013D12012A430600802138004B
:10ADA000D2B200F00BF80643344360B203B0C0BC2B
:10ADB000B946B046F0BD6B46DA79E5E770B5144E9A
:10ADC00084B049BA0400B270318001F06DFA0B0012
:10ADD000E1B2962402000025A40012196B410D482F
:10ADE000002B02DA01220C4B524202920393012300
:10ADF00032000093023302F001F8032806D0431E0C
:10AE000098410C234042984304B070BD0020FBE7FA
:10AE1000D424032070220020FFFFFF7FF0B5040040
:10AE20001000CBB21B020A0A060A1A433604324348
:10AE30001202144D0006120A024385B02A6001F086
:10AE400033FA962602000B000027B60092197B41C8
:10AE50000D48E1B2002B02DA01220C4B5242029261
:10AE6000039301232A000093033301F0C7FF042258
:10AE7000030093435A4253410D205B4218400D3862
:10AE800005B0F0BDD424032070220020FFFFFF7F17
:10AE9000CBB2F0B5090A04001B02100E00040B43EC
:10AEA0000343110C1B02154D09061B0A85B00B4309
:10AEB00052BA2B60AA8001F0F7F9962602000B0027
:10AEC0000027B60092197B410D48E1B2002B02DA4F
:10AED00001220C4B52420292039301232A00009359
:10AEE000053301F08BFF062806D0431E98410C2342
:10AEF0004042984305B0F0BD0020FBE7D424032076
:10AF000070220020FFFFFF7FF0B5CE46474680B598
:10AF1000214B85B049BA962499461980170000251F
:10AF2000C6B201F0C1F9A40024184D411B4B98464C
:10AF3000002D02DA01241A4D644201234A4600938F
:10AF40003100013340460294039501F057FF02237C
:10AF5000984306D00D20404205B0C0BCB946B0466B
:10AF6000F0BD962401F0A0F90025A4000019694164
:10AF7000002902DA01200A4940420023029003918D
:10AF800000933A0031004046013301F05BFF012895
:10AF9000E0D80020E0E7C046D4240320702200203F
:10AFA000FFFFFF7FF0B5CE46474680B5224F85B004
:10AFB00049BA9624904600253980C6B201F074F94A
:10AFC000A40024184D411D4B9946002D02DA01249E
:10AFD0001B4D644201233A0000933100013348467F
:10AFE0000294039501F00AFF0223984306D00D2036
:10AFF000404205B0C0BCB946B046F0BD962401F051
:10B0000053F90025A40024184D41002D02DA012433
:10B010000B4D644200233A0000933100023348464E
:10B020000294039501F00EFF02239843DFD14246BC
:10B030003B885BBA1380DCE7D42403207022002015
:10B04000FFFFFF7FF0B54E468146474ADE464A4441
:10B05000531E9A418023574645465B029C46E0B505
:10B06000424B1204624485B01A60414B0C004149C6
:10B070001A6010000B689843FBD18046062000F050
:10B0800033FA4B465A6802231A4001924A4600900E
:10B09000802004320292384AE70D4A446602136067
:10B0A00093463B0032000225400007E000999142A0
:10B0B00006D3023592197B41854201D0002BF5D091
:10B0C000434680260393009B2F02AA4698467F1B87
:10B0D000760003E05346FF1A012E3FD03900404668
:10B0E0003500013E02F05CF88442F3D22B00554655
:10B0F0009A4650463302984668434B4642461D6185
:10B100001B6880265340FF227601120213404E44F2
:10B11000336080239B019C46029A019B624413602A
:10B1200002215C464B465B6821604C462768072439
:10B130006740C8343C40346003240B4013600F4B1D
:10B140004B441C6011600100009802F029F805B022
:10B15000F0BCBB46B246A946A046F0BD5546039B8F
:10B1600028009846C9E7C0460040FCBF00E0004008
:10B1700000F0004008C0004004300000242000001F
:10B180008023DB051868000F7047C0460FB400B578
:10B19000084883B004F0ACFF049B002B07D005A93E
:10B1A0001800019104F082FD034804F0A1FF012082
:10B1B00004F094FDE86A0110F86A0110EFF31080C2
:10B1C00072B6034A1368002BFCD0BFF35F8F704741
:10B1D0002C0100D0BFF35F8F0022024B1A6080F376
:10B1E000108870472C0100D070B5EFF3108C72B648
:10B1F0000D4D2B68002BFCD0BFF35F8F0724CB08CD
:10B20000C618C05C01230C40A3401C00044003424C
:10B2100007D118433070BFF35F8F2C608CF3108818
:10B2200070BD1000FFF7B2FF2C0100D0F8B5474603
:10B23000CE46884680B5EFF3108C72B61C4D2C6854
:10B24000002CFCD0BFF35F8F9A4222D80721012641
:10B25000894602E00132934218D34D46370015402B
:10B26000AF40D4080119045D2742F3D110003C43DC
:10B270000C70BFF35F8F00220D4B1A608CF31088A7
:10B2800000280EDBC0BCB946B046F8BD01204042E4
:10B29000EFE7BFF35F8F00232B608CF31088012052
:10B2A00040424346002BEDD00898FFF76FFFC046A1
:10B2B0002C0100D0044A1078431CDBB2172B00D9B4
:10B2C000102313707047C0460D22002010B5064BA6
:10B2D000064C82B00100009318221F232000FFF7C4
:10B2E000A5FF02B010BDC046FC6A0110142D03205A
:10B2F0000021044B044ABFF35F8F02C39342FAD18B
:10B300007047C046000100D0800100D0F8B5DE468D
:10B310004E4657464546E0B58B4605000A9918004B
:10B32000160001F03DFF0A9B6C001F02324B6419AE
:10B330009C46A4006444636881469F4200D96760CC
:10B340002B1FDBB29846012B30D9C02380229B01F2
:10B35000E31812011A60294BAD0059599A46002989
:10B360001BD17301E026226853401E4080234246D1
:10B370005B01E3181E60012A30D9802380229B01E3
:10B38000E31812011A6053464A4667605A51F0BCEE
:10B39000BB46B246A946A046F8BD586901F000FF79
:10B3A000013043001B18033BFDD2DAE75B46012B5B
:10B3B000CBD1C02303229B01E3181A60023AA36891
:10B3C0001A42FCD07301E0262268AD0053401E40B3
:10B3D00080230A4A5B019246E3181E605A462168A0
:10B3E000514003220A401A6001225B469A40A3683A
:10B3F0001A42FCD0C1E7C046008000401C2D03204B
:10B40000F0B546464F46D646C0B51F00344B440003
:10B410009C462418A4006444636888461600FF2BE9
:10B4200002D880235B006360031FDBB29A46012BC6
:10B4300030D9C02380229B01E31812011A60294BE6
:10B4400085005959994600291BD17301E0262268CD
:10B4500053401E40802352465B01E3181E60012AC0
:10B4600030D9802380229B01E31812011A608023C7
:10B470005B0063604B465F51E0BCBA46B146A846EC
:10B48000F0BD586901F08CFE013043001B18033BEE
:10B49000FDD2DAE74346012BCBD1C02303229B0127
:10B4A000E3181A60023AA3681A42FCD07301E0263E
:10B4B0002268850053401E4080230A4A5B01914662
:10B4C000E3181E6042462168514003220A401A6078
:10B4D000012342469340A2681342FCD0C1E7C04614
:10B4E000008000401C2D0320014B8000C058704795
:10B4F0001C2D0320094A83009A1810B514684022B5
:10B50000544080322240064CC000A44663441A6076
:10B51000044B9C466044416010BDC04604C00140DD
:10B5200004D0014000400140074B8000C3181B6855
:10B53000C90092000A435A400C231340034A944620
:10B54000604403607047C04604C0014004D001401D
:10B550008000002905D0064B9C46402360440360D0
:10B560007047044B9C46402360440360F8E7C046A4
:10B5700004E0014004F001400123D0228340120680
:10B5800093629361094A83009A18116840225140DE
:10B5900080320A400649C0008C4663441A60054B5D
:10B5A0009C460523604443607047C04604C0014088
:10B5B00004D0014000400140054B064A1360064A92
:10B5C000136053609360D36013615361936170475C
:10B5D0008080808000E400E004E400E01F23184045
:10B5E0001E3B8340002905D0C021044A4900535026
:10B5F00013607047802201498B50FAE700E100E0B8
:10B6000001228240034B1B6813405A1E9341D8B25B
:10B610007047C04600E100E001238340014A136007
:10B620007047C04600E200E0064B10309B68800087
:10B63000C358054A00209B1A2F229A424041C0B2AB
:10B640007047C04600ED00E01022002070B50D00EC
:10B65000EFF3108672B60F4A1368002BFCD0BFF3CD
:10B660005F8F0D4B10309B6884001B590B4A93422F
:10B6700003D09D4201D001F027FC074B9B681D5170
:10B68000BFF35F8FBFF35F8F0022024B1A6086F318
:10B69000108870BD240100D000ED00E0C101001051
:10B6A000F0B557464E46DE464546E0B585B0060045
:10B6B00000911700EFF3108B72B66A4A1368002BE3
:10B6C000FCD0BFF35F8F0025674B5D579A46002D76
:10B6D00000DAA9E06B00654C01935B199B0098466A
:10B6E000A146C1444B4652469B7910361370604BBD
:10B6F000B6009B6899590B1B2F2B33D95D4B994290
:10B7000000D0ACE0019B42469C465B4B6544AD00DB
:10B7100063535A4B0232A218043B9B1A1B05584A2A
:10B720005B0D651913436B80564B0121AB80FF23E2
:10B73000AB71009BEF71AB604B460B4319004C4B58
:10B740009B689951BFF35F8FBFF35F8F0022454B1A
:10B750001A608BF3108805B0F0BCBB46B246A94610
:10B76000A046F0BD01200A008243D3798C46BB423B
:10B7700031D84546130044491B1B5B415943090D11
:10B780003D4B63533D4B02356519043B5B1B1B0569
:10B790003B4D5B0D2B43AA464D466B800425AC46C2
:10B7A0005546E044131F44441B1B1B055B0D1D4302
:10B7B0004B46997100999D8099604946DF71334BE2
:10B7C00001431360BBE75800C01880002018C179FE
:10B7D000B9422FD902000623D356002BF3DA029385
:10B7E0002B4B61460393131D9A4604235B429C46F0
:10B7F000E14450464B461B1A1B055B0D9C46204BF3
:10B80000957198466346404603439380019B5A19BD
:10B810009200039BA418A380029B1C4AA371009B67
:10B820002260E771A3608AE701F04EFB00255346D2
:10B830005D574FE7908802934005131D9A46031504
:10B8400061469C464046D444634604302018181A8A
:10B85000E0230005400D1B0218430390C5E701F0EB
:10B8600033FB4FE7240100D06D4803201022002055
:10B8700000ED00E0C101001000A1FFFF4022002008
:10B8800000E0FFFF01BDFFFFAAAA000001488047BA
:10B8900001BD000070B501240443EFF30581EFF30F
:10B8A000108C72B6214A1368002BFCD0BFF35F8F57
:10B8B0001F4B05001F4AED1A6D416A43120D1E4DC4
:10B8C0008900AE6852B27658A6421CD0062159565D
:10B8D00091421CD012215956914222D01E21595614
:10B8E000914220D02A2159560324914210D0134B63
:10B8F00019781A708171BFF35F8F00220B4B1A60A9
:10B900008CF3108870BDAB680D4C5C50EFE70024E1
:10B910006100091989005B18FF2199710949998013
:10B92000E5E70124F4E70224F2E7C046240100D051
:10B9300010220020AAAA000000ED00E06D480320BC
:10B94000C101001001BDFFFF10B5084B084C82B0CB
:10B9500001000093002205232000FFF767FC002868
:10B9600001DB1F23181A02B010BDC046186B01106E
:10B970007248032070B504000E001500FFF79AFC12
:10B980000100200000F006F8A680E580BFF35F8F7D
:10B9900070BDC046024B9C466144890001607047FF
:10B9A0004000003470B5114C114DAC420FD2FF264F
:10B9B0002368002B0CD0FFF77DFC01002000FFF76F
:10B9C000E9FFA680BFF35F8F0834AC42F0D370BDAF
:10B9D000FFF770FC01002000FFF7DCFF2671BFF3CA
:10B9E0005F8F0834AC42E3D3F1E7C046242800203F
:10B9F0003428002010B50400FFF75CFC0100200093
:10BA0000FFF7C8FFFF232371BFF35F8F10BDC04650
:10BA100010B504000120FFF759FC034BC3189B002D
:10BA20002360BFF35F8F10BD40000034034B9C4682
:10BA3000614489000160BFF35F8F704740000034AC
:10BA40000A4B1968EFF3108072B60A68002AFCD01E
:10BA5000BFF35F8F1B68BFF35F8F00221A6080F314
:10BA6000108840BF002000217047C0465447032083
:10BA7000F0B5DE4657464E464546E0B587B0EFF393
:10BA80000583032201251A40954091008846A94666
:10BA9000B34B03925C58B34B1D60B34B04934B46BE
:10BAA000B24843630823E55E002D37DAA3881BB252
:10BAB000002B00DBADE0A379002B00D0EEE00823E3
:10BAC000E05E002820DB430062691B18DB00D3180E
:10BAD0009E68DD68731C00D111E1A4480100414457
:10BAE000826A0B69B71A9B1A9F4215D30123026A17
:10BAF000039883401A420FD09C4800F0CDFB8D4242
:10BB000002DCCCD18642CAD940BF07B0F0BCBB46EC
:10BB1000B246A946A046F0BD0E61EDE762696B0032
:10BB200092465B19DB009A4453469E68DF6800F03A
:10BB3000B3FB8F42BADC00D103E1002F00DAE8E06A
:10BB40005246534652691B699346049A934200D168
:10BB5000D9E052460821605E5288000459461043DD
:10BB60009847009001910099019A0B00100013432F
:10BB700000D1CEE013000A00B61A9F41002806DB70
:10BB80007A4800F089FB009E019F36184F415346CA
:10BB90009E60DF6000229A5E002A00DA86E753008A
:10BBA00099186069C900411802938B68C9689B465F
:10BBB000B94200DD7AE702D1B34200D976E7082323
:10BBC0009C46A444059565462281A446029B2C0010
:10BBD00006E053009918C90041188D68C968AB4642
:10BBE0009B18DB00C318B94206DC00D1B3E01C008F
:10BBF0000023E25E002AECDA230064469C465346AA
:10BC00001A806346059D1D80A3881BB2002B00DAB5
:10BC100051E72269EFF3108172B61368002BFCD054
:10BC2000BFF35F8F0123A7885B42A3803FB22369E4
:10BC3000BFF35F8F00221A6081F31088002F00DAB3
:10BC400039E72300083322009A4666697B00DB1936
:10BC5000DB00F318996850468C460824115FDD68B4
:10BC6000002910DB029306E0AB4244D00023E15EE2
:10BC70002000002906DB4C006418E4003419E36856
:10BC8000AB42F1DD029B078000201F5E1980002F70
:10BC9000DCDA1400A379002B00D110E70023A37194
:10BCA00026000823E15E08364B1C00D12CE7080073
:10BCB000A246656902E03E004B1C1AD04B005B189F
:10BCC000DB00EF180A008C46E95E7B881BB2002B74
:10BCD000F1DA01235B42DC17BB60FC60824205D0D5
:10BCE000534631801B893B8053461A8160464B1C6A
:10BCF000E4D15446E5E6A3686345B7D9C2E76B1CB7
:10BD000000D0EAE6F8E65B4658461B6998470028EB
:10BD10001BD153461B8822692381EFF3108372B62F
:10BD200011680029FCD0BFF35F8F514662880A80FA
:10BD300022696580BFF35F8F0021116083F3108853
:10BD4000B4E6864200D8F8E6B0E65B461A685B685F
:10BD50000092019307E7B34500D848E74CE7C04697
:10BD6000D03C03203C70054071BA001000400540F3
:10BD700070B52E4C2569002D04D00A212C48FFF700
:10BD800009FE70BD2B4E0321300000F07BFAE66007
:10BD9000FFF790FA284B03229C46D02322701B0603
:10BDA0001B6801216370254B6044A3600F23800052
:10BDB00020610220638063694942A18019800231B9
:10BDC000198647311D83585218315A5275325C39E1
:10BDD0009952183201319952183201319952183260
:10BDE00001319952083518329D5202311832995258
:10BDF00018320131995218320131995218320131F9
:10BE000099521832013199521832013199520C4B22
:10BE10000C49DC6001303562FFF718FC012103207A
:10BE2000FFF7DCFB084B1D60A7E7C0465822002047
:10BE3000544703200040054040000034FFFF10003D
:10BE4000D03C032071BA00103860054000487047AC
:10BE500058220020F8B51F0008AB1B78040016001C
:10BE6000002B08D100F020FA32003B00121A8B415F
:10BE7000002B00DA52E02269EFF3108072B61368EB
:10BE8000002BFCD0BFF35F8F0223E15E63694A00A1
:10BE90005218D2009B182269002936DB1D88658064
:10BEA000BFF35F8F0025156080F31088069A9E60AF
:10BEB000DF601A61079A5A615A8801325204520CA3
:10BEC000101C002A1FD082B2588008041043266933
:10BED000EFF3108772B63268002AFCD0BFF35F8F91
:10BEE000A2881A80A1802369BFF35F8F00221A60A5
:10BEF00087F310880A4923788C4601329A40E36818
:10BF000063441A60F8BD0120DDE7BFF35F8F0023B3
:10BF1000136080F3108801204042F3E70020F1E72E
:10BF20003C20000070B501000469EFF3108C72B67C
:10BF300020680028FCD0BFF35F8F02200D5E4C69A3
:10BF400068004019C00024180869002D36DB2688D7
:10BF50004E80BFF35F8F002606608CF31088E3608D
:10BF600063880498013320615B0405985B0CA26030
:10BF700060611A1C002B1FD093B228046280184302
:10BF80000A69EFF3108C72B61368002BFCD0BFF374
:10BF90005F8F8B8823808D800B69BFF35F8F0022BA
:10BFA0001A608CF310880B7801329A40CB680849EC
:10BFB0008C4663441A6070BD0122DDE7BFF35F8FDA
:10BFC000002303608CF3108801204042F3E7C04651
:10BFD0003C20000010B543890A1493421ADD530037
:10BFE0009B184269DB00D3180469EFF3108C72B61A
:10BFF0002268002AFCD0BFF35F8F5A88090494B2EC
:10C00000090C8A4208D00369BFF35F8F00221A60CF
:10C010008CF31088002010BD8022120214435C8033
:10C02000012302698371BFF35F8F002111608CF3DC
:10C030001088044902788C469340C268012062440B
:10C040001360E8E73C20000040787047F0B5C64632
:10C0500000B582B0040000F027F9FA2206000F00B4
:10C06000200000230021920001F0F8FE80197941A0
:10C0700004000D1E02DA01242E4D6442062676428B
:10C08000F71736196F41AF4214D811D000F00CF9F0
:10C0900032003B00121A8B41002B15DC002B46D0DE
:10C0A0002000290000F03EF902B080BCB846F0BD87
:10C0B000A642EBD90026002700F0F6F832003B003C
:10C0C000121A8B41002BE9DD00F0EEF832003B0044
:10C0D000121A8B41002B0ADB00230193164B32000E
:10C0E000009316483B00FFF71DFF0130D8D0002316
:10C0F0003900B0469C46124A1248536A994204D805
:10C10000966A4645CCD29942CAD10668EFF31087A9
:10C1100072B63368002BFCD0BFF35F8F0368BFF3A8
:10C120005F8F66461E6087F3108820BFE5E7002A10
:10C13000B6D0C9E7FFFFFF7F41BA001058220020A8
:10C140000040054054470320F0B557464E46DE46B2
:10C150004546E0B506000F0085B0EFF3058399462C
:10C160008B46002B12D0384900204B6ABB4206D3C5
:10C170008A6ADB1B591E8B41B2424041184305B00D
:10C18000F0BCBB46B246A946A046F0BD2F4B9A462E
:10C19000DB68984653461B784046039300F07CF8D2
:10C1A0004246039B040004339B009B580D001B1A5E
:10C1B00039003000001BA941894510DC0DD020BF9B
:10C1C000214A0020536A5B45D9D3926ADB1B591E72
:10C1D0008B41B24240411843D1E78342EFD900F08E
:10C1E00063F832003B00121A8B41002B1ADB00234C
:10C1F0000193174B3200009350463B00FFF792FE2D
:10C20000011E0FDD104B5A6A5A451BD39B6AB3427D
:10C2100016D35046FFF7DEFE0B4A0020536A5B45FB
:10C22000ADD3D2E7084A0020536A5B45A7D300206C
:10C23000926ADB1BB24240415A1E934118439EE76B
:10C240005A45E6D120BFE4E70040054058220020CF
:10C2500041BA0010074943684A6A10B504680020D3
:10C26000934206D8896A9B1A5A1E9341A1424041C3
:10C27000184310BD0040054002604360004870470D
:10C2800055C2001010B5024A0248FEF7ADFF10BDBE
:10C29000346B0110182D03200300416A0A00986ACC
:10C2A000596A8A42FAD17047034B596A0A00986A60
:10C2B000596A9142FAD170470040054070B50400B8
:10C2C0000D00174A536A1900966A536A8B42FAD1D5
:10C2D0003000190024184D41AB4216D813D0104B32
:10C2E0002A005B6A9D4203D90D494B6A9342FCD3F5
:10C2F000934207D10A4A02E0516A994202D1916AF7
:10C30000A142F9D370BDA642E9D9054B5B6A1C0076
:10C310005A1CEFD0012201246442E5175242E3E7A0
:10C3200000400540064A536A9942FCD807D1044BA5
:10C3300002E05A6A914202D19A6A9042F9D8704753
:10C3400000400540F8B5040021481E0017000D000C
:10C3500000F026FF0100380000F022FF069B3604A3
:10C360001B031E432368002B20DB1A4B1A49E318DA
:10C370005A1E93418022920194465B421B0B174A3E
:10C380001B0363441360164A13601F000A68974337
:10C39000FBD1144B2560E2182123A06013602368B1
:10C3A000002BFCDA0823E6601360F8BD3F23226807
:10C3B0001340AB42D9D1A3681B051B0D8342D4D1D6
:10C3C000EE22E368D2021340B342CED1EDE7C0467D
:10C3D000001BB7000040FDBF08C0004000E0004067
:10C3E00000F000400430000010B580241C4BE40530
:10C3F0001C6000281AD001231A4C18431A4BDC6128
:10C400001A4C44401C62596298628021144BC90541
:10C410001960174817490860E021C9041960002A0B
:10C4200007D18022144B12061A6010BD0E4BD86142
:10C43000EBE753019B1A9B009A18802312015B04BF
:10C440009A4209D213000D490B60074B5A608022B3
:10C45000094BD2051A60E8E7094B1A00F3E7C0461A
:10C4600000B00540D3C007B0008005402D3FF84F15
:10C47000FCFF01000820014000A0054038320320E5
:10C48000FFFFFF008023024A9B000B43D3627047EB
:10C4900000800540002310B50100988A1B8B984747
:10C4A00010BDC046162310B50100188802331B8842
:10C4B000984710BDF8B54746CE4680B50F1E18D038
:10C4C00014239946043304000025012698464B4660
:10C4D0001888434621681B88984701C4431E984129
:10C4E00001350640AF42F2D13000C0BCB946B0467B
:10C4F000F8BD0126F8E7C046002370B504000D0022
:10C50000988A05491B8B984703000020002C01DB0B
:10C510000130A0402900984755420000AA23064A4E
:10C520001B0113608D235B00D3600449044B196029
:10C530005368002BFCDA70470040024000B0FA005C
:10C5400000600240F8B5040006200D00FEF7CCFFA5
:10C55000002844D0374B3849E3185A1E93418022B3
:10C56000120494465B429B0D344A9B05634413605E
:10C57000334A136018000A689043FBD12D4B314AAF
:10C58000E31859424B4180215B0049000620995233
:10C59000FEF7AAFF2900C00000F002FE0130C30927
:10C5A0001ED1402701226262A362266BF30722D4C8
:10C5B000E36A254B0620E51800232B602663FEF76F
:10C5C00093FF3900800000F0EBFD7023E26A5A40CF
:10C5D0000E3313402B601D4B23630323A364F8BD6C
:10C5E0001B4A93421ED900231A4A1B4F6262A36260
:10C5F000266BF307DCD5194B144AE3181A60656AF9
:10C60000A36A0620AD01ED18FEF76EFF144900F095
:10C61000C7FDAD020100280000F0C2FD0021FFF7B8
:10C620004DFEC5E74006800E9F011A003F1803002B
:10C63000B9E7C0460080FCBF08C0004000E00040F1
:10C6400000F00040D04703202C1000000103000040
:10C65000FEFF0000FFFF0000C0FF3F003030000081
:10C660004E0E0000F8B5040006200D00FEF73CFF5A
:10C670002900C00000F094FD0130C30921D01F4AF9
:10C68000934233D900231E4A1E4F6262A362256B78
:10C69000EB071DD51C4B1D4AE3181A60666AA36A96
:10C6A0000620B601F618FEF71FFF194900F078FDC5
:10C6B000B6020100300000F073FD0021FFF7FEFD1F
:10C6C00006E0402701226262A362256BEB07E1D4FA
:10C6D0000022E36A0F4B0620E3181A602563FEF779
:10C6E00003FF3900800000F05BFDF8BD4006800EBE
:10C6F0009F011A003F180300E5E7C046FEFF000057
:10C70000FFFF0000C0FF3F003030000001030000C9
:10C710004E0E00002C1000000539013AF8B5D20089
:10C720004C0105001443002B06D0013B5A425341F3
:10C730009B00234302241C432E6BF30708D46E2373
:10C74000EA6A624013400E4AAA1813602E63F8BDCD
:10C750000C4B0D4AEB181A606F6AAB6A0620BF01DA
:10C76000FF18FEF7C1FE094900F01AFDBF020100E3
:10C77000380000F015FD0021FFF7A0FDDFE7C046FF
:10C780002C10000030300000010300004E0E0000AD
:10C79000F8B5066B04000D01F30708D4E36A5D40A9
:10C7A00010231D400D4BE3181D602663F8BD0C4B94
:10C7B0000C4AC3181A60476A836ABF010620FF1833
:10C7C000FEF792FE084900F0EBFCBF0201003800C2
:10C7D00000F0E6FC0021FFF771FDDFE72C10000000
:10C7E00030300000010300004E0E0000F0B5574647
:10C7F0004546DE464E468846E0B583B00600052530
:10C80000FEF7DCFC434684465D571879334B344AC7
:10C81000F3181B0D9B009246D7580122202482401A
:10C82000241A013A002D41DBA54232DC1100A94057
:10C830000F422ED14146096889464146897900292F
:10C8400045D12C00AA40934659463A40394241D13D
:10C85000802189018846002816D06146A44634000C
:10C860004E469946030001915100705A404500D24E
:10C870004019A91812318900013208519A42F3D3A4
:10C88000019B64469C464B465A4617435246D75036
:10C8900001E0012464426046FEF79CFC200003B0E6
:10C8A000F0BCBB46B246A946A046F0BD002C02DA59
:10C8B00010E0013C0ED31100A14025000F42F8D139
:10C8C000414609688946414689790029BAD014242D
:10C8D0006442E0E709246442DDE7C0460000E0AFBF
:10C8E00008290320F0B54E464546DE465746E0B5DA
:10C8F00083B089460CA984460D781F2A45D849463D
:10C90000490088464944C900461837003400DC37DE
:10C910003868CC3483462068310001901C4880245C
:10C920008246A40251440C6069424D411E216D4271
:10C930008D4318498A465544052B0CD9A0201F2148
:10C940004005D836540104430532053B3C600A409B
:10C950003560052BF6D852019B06134342464A44E4
:10C96000D20062441000DC3213600300D8331D6033
:10C970005B461360019BCC300360002003B0F0BC29
:10C98000BB46B246A946A046F0BD05204042F5E7A9
:10C99000CC3000009FE00000F0B501258D40046818
:10C9A000AC430460002B2ED04D006C18E400041939
:10C9B00026001F68C83637609F68043677605F6856
:10C9C000DB68DC34376023606B18184DDB00AC4645
:10C9D0008025C41864442D0625602560144C0D1D67
:10C9E0008C40846001242600AE40802508318C40B4
:10C9F0001F21AD014519C0180A40D8302E602C60A7
:10CA000002600020F0BD4D006C18E40004192600FF
:10CA10008027C8367F023760C0273F03B760F827FA
:10CA200004367F02DC3437602360CDE7D01000008D
:10CA300001010101F0B557464E464546DE46E0B5D8
:10CA4000060085B0009200221C0002930EAB1878FD
:10CA500033680F9DDA6601325960109FDA660190E3
:10CA6000221E00DCBFE0013A9346002D03D00121D5
:10CA70003800A84733685A4631798902002A00D124
:10CA800083E00022002091464C46009A125D0A4342
:10CA900002431A6110229046002D1AD0002404E0AF
:10CAA000414633685A6B114229D100213800A8470A
:10CAB0000443E4B20028F3D002235B42994648467F
:10CAC000019B337105B0F0BCBB46B246A946A046F7
:10CAD000F0BD80244846596B0A42FCD019598C4657
:10CAE000002957D1834571D002990130814275D018
:10CAF000002183454CD00099095C1961EBE7802245
:10CB00009958002915D1002C15D1CB4554D00123BB
:10CB10009C46029BE1444B45D1D001213800A847F7
:10CB20000021CB451BD04A46009B9A5C33681A61B2
:10CB3000B4E701245B6D80239B009A465B468B46DD
:10CB4000039304E0514633685A6B0A420DD1002129
:10CB50003800A8470443E4B20028F3D0ACE73368B8
:10CB60000120019A504040028EE7039A59461B6EFD
:10CB70009346002CCBD0002903D0CB0701D4090762
:10CB80009DD401235B42994699E700229146E7E74D
:10CB90008146E5E7596D01218846802181461800CC
:10CBA0008900436B0B42FCD00300196E4146484696
:10CBB000002999D06146DEE7019B002BBBD0012301
:10CBC0005B449946029B4B45A7D178E70199002920
:10CBD00006D05946481C0299814289D181466EE7A8
:10CBE00000218846D9E70023994668E7F0B54E460C
:10CBF00057464546DE46E0B583B09A460CAB1B78F7
:10CC0000019200930E9B026899460023D36601337C
:10CC10005160D366534605000D9E002B60DD012355
:10CC20005B4253449B460024002E03D0012148461A
:10CC3000B0472A6880235B009C461300516F10297F
:10CC4000FCD00021002C01D129798902A34541D0D3
:10CC5000604601431161002E27D080224027904674
:10CC600008E000214846B04700283BD12B689A6F66
:10CC7000002A13D142469A585A6B1742F1D000212C
:10CC800048465B6DB047C4432000009B2B7103B046
:10CC9000F0BCBB46B246A946A046F0BD1B69019A4E
:10CCA000135501345445C1D1EEE780274021D359B3
:10CCB000536B194203D00124536D6442E4E7936F30
:10CCC000002BF4D01369019A135501345445DBD07D
:10CCD0002A68B2E70127009847407F023943B7E747
:10CCE0000024D1E702246442CEE7C046F8B5DE4610
:10CCF00057464E4645468346E0B505200C00FEF7F4
:10CD0000F3FB060060082100801900F049FA430097
:10CD10009846804407000521404600F041FA3B1A3E
:10CD20009A461E4B8146700080199C4231D81C499E
:10CD300000F036FA451C5B461C680023E366226857
:10CD400004335A400233134080225201A218136068
:10CD50005346E3614B462362434601204F2B03D9E0
:10CD60005021404600F01CFAA023E050E36F390048
:10CD70005D400C4B2D042D0CE3181D600123300089
:10CD8000E36600F00DFAF0BCBB46B246A946A046E9
:10CD9000F8BD054900F004FA451CCCE73F420F00FE
:10CDA000809698007C10000040787D010F4A70B595
:10CDB000821A531E9A410E4BD20008321A600D4B54
:10CDC0000D4C1A60150023689D432B1EFAD1662472
:10CDD0000268FF340571D5661460633C8833FF3CFC
:10CDE000D5639563D450FFF781FF70BD7822002092
:10CDF00000E0004000F0004008C00040F0B5CE4622
:10CE0000474680B589B01F0010AB1B7804009946D7
:10CE100004AB98461600129A139B40460D00FFF78C
:10CE20002BFA434602934B460190009332003B009D
:10CE300029002000FFF7FEFD09B0C0BCB946B0468E
:10CE4000F0BDC046F0B5CE46474680B589B01F005C
:10CE500010AB1B780400994604AB98461600129A52
:10CE6000139B40460D00FFF707FA434602934B46DB
:10CE70000190009332003B0029002000FFF7B6FE2E
:10CE800009B0C0BCB946B046F0BDC046012301217F
:10CE9000084A1360084A1360084A08001368984358
:10CEA000FBD1074A11608021490013680B42FCD076
:10CEB0007047C04600E0004000F0004008C000405D
:10CEC00000C004407047C04610B50148FEF75EF947
:10CED000586B011070B5074D074EB54209D20024BA
:10CEE000013E761BB60808CD984723000134B342B3
:10CEF000F9D170BD486801108468011070B5074D04
:10CF0000074EB54209D20024013E761BB60808CD73
:10CF1000984723000134B342F9D170BD7C680110F9
:10CF200084680110054B064A06491A60064A074BF9
:10CF30001A6010000B689843FBD1704700E0004076
:10CF4000BFCDFBFE08C00040FE7F3C0000F000406B
:10CF5000044BDB6C002B03D18022034BD2021A60FE
:10CF60007047C046000011504C201150044A054B38
:10CF70001A60054A1368DB018033FBD17047C04655
:10CF8000FFFFFF0100F0004008C000404022034BBB
:10CF90009A675A671A67DA667047C04600F0014020
:10CFA00010B5FEF7A5F910BDF8B52749274C284D57
:10CFB000641AA6103200302E00D9302228009200C8
:10CFC00001F0FCF9BC2C3BD830202F232C1964072E
:10CFD000204A801BE40F9B1B052B16D93700002C21
:10CFE00002D0B300771CEA50001B33199B004108A4
:10CFF000EB18C900C9181A605A6008339942FAD16F
:10D00000012303421CD09843C619B300EA50731C95
:10D010002F2E15D09B00EA50B31C2E2E10D09B0053
:10D02000EA50F31C2D2E0BD09B00EA50331D2C2E02
:10D0300006D09B00EA50731D2B2E01D09B00EA50B6
:10D04000054B9D60F8BDC04600010010C0010010F6
:10D0500000000020C101001000ED00E0002310B529
:10D06000294C82B0A367FFF759FA0122274B1A60B7
:10D07000636C012BFCD10322254B1A60224A936B6F
:10D08000012BFCD1013300930121224A22480433B1
:10D09000FFF758F9052301210093204A2048FFF7A4
:10D0A00051F90022022104201E4BFEF7A9F90022AB
:10D0B000012105201C4BFEF7A3F9002200210720C7
:10D0C0001A4BFEF79DF9002200210820174BFEF7AE
:10D0D00097F98023DB000093002200210920134BE5
:10D0E000FEF714F90022104B00210620FEF788F904
:10D0F0000420FEF7F9F90E4900F052F80100002073
:10D10000FFF7C0F902B010BD008000403CB0004005
:10D1100030B00040002F685900800240008C8647E4
:10D1200000C00240001BB70040597307006CDC02CE
:10D1300040420F0001480421014B18478022002083
:10D14000B5C40010014B5B68184700008022002026
:10D15000124A936F9B0815D29066D166002905D0BC
:10D16000FFE7FFE7FFE7516F106F704704B58021BD
:10D170000906C2175140002800D0C84309F0CCFA74
:10D18000002104BDF0B5146E556E576F166FFFF792
:10D19000E3FF1466556657671667F0BD000000D0C0
:10D1A000114A936F9B0813D210665166002905D06F
:10D1B000FFE7FFE7FFE7516F106F704704B50028E6
:10D1C00001D00020C04309F0A7FA002104BDC046E9
:10D1D000F0B5146E556E576F166FFFF7E5FF1466C6
:10D1E000556657671667F0BD000000D094464A4A5E
:10D1F000926F9208624601D228E0C046F0B5464ED2
:10D20000346E756E776F366F00F020F89446424AA0
:10D2100014665566576716676246F0BD94463E4AE7
:10D22000926F9208624601D254E0C046F0B53A4E81
:10D23000346E756E776F366F00F04CF89446364A50
:10D2400014665566576716676246F0BD002B24DBEF
:10D2500011D000293EDA00B5C943404200D1013166
:10D2600000F038F8C943404200D10131DB4352425B
:10D2700000D1013300BD002AEBD1002801D10029E3
:10D2800005D00020C90FC90701D1C043410800B52E
:10D2900009F012FA0022002300BD00B500290ADBC4
:10D2A000DB43524200D1013300F014F8C94340423D
:10D2B00000D1013100BDC943404200D10131DB43FF
:10D2C000524200D1013300F005F8DB43524200D155
:10D2D000013300BD002923D1002B18D1002A0CD026
:10D2E000BC460D4F38667A6600210023FFE7FFE752
:10D2F000FFE77A6F386F67467047002801D007480C
:10D30000010000B509F0D8F90022002300BD020099
:10D310000B00002000217047000000D0FFFFFFFF3E
:10D32000002B00D0BFE0130C28D1002AE7D080B436
:10D33000114F39667A66FFE7FFE730B4040C7B6F64
:10D34000396F1B0423433B667A66FFE7FFE7FFE77D
:10D35000C04684B27B6F3D6F1B0423433B667A66F5
:10D36000FFE7FFE7C04600232C042D0C7A6F386FCF
:10D3700000196941B0BC7047000000D0F0B5944678
:10D380000025140E01D112020835140F01D112012B
:10D390000435940F01D192000235D40F01D152000F
:10D3A0000135D40B0134254F7C66254C3C660E0CB0
:10D3B00093B2FFE7FFE7FFE73C6F6643360C770366
:10D3C000BE467343DF0B5B04C01AB941130C7343B1
:10D3D000DB18C91ACE086643360CB64493B27343C1
:10D3E0001F0F1B01C01AB941130C73431F0B1B0500
:10D3F000C01AB941860D8F023E436643360C092D93
:10D4000024DB520A7243801A7703460A6643360CBD
:10D4100016235B1BDE40DF40BF1964466643821B58
:10D420007046043506330100D940A840C01900D326
:10D430000131A24206D20023F0BD0000000000D05E
:10D44000FFFFFFFF121B0130F3D3F1E709277F1B1A
:10D45000FE406446A2B27243801A00D20139220C07
:10D460007243130C1204821A99410B007046043562
:10D4700013370100F940A840801900D30131002B77
:10D4800002D1A2420AD2F0BD013000D30131121BF9
:10D49000FAD2013BF8D1A24200D2F0BD013000D354
:10D4A0000131121BF7E7F0B51C0C00D080E00CB482
:10D4B00000251C0A04D11B02160E33431202083544
:10D4C0001C0B04D11B01160F3343120104359C0BB6
:10D4D00004D19B00960F334392000235DC0B02D13E
:10D4E00092185B4101351C00971864410134464F86
:10D4F0007C66464C3C660E0CFFE7FFE7FFE7C04644
:10D500003C6F6643360C7703BE4697B27743C01B29
:10D5100000D20139C01B00D201399FB27743C91B29
:10D52000C91B170C77437E04FF0B801BB941CE0843
:10D530006643360C0C2D33DBB644120B1F053A4301
:10D540001B0B97B27743C01B00D201399FB27743C0
:10D55000C91B170C77433E043F0C801BB941860D55
:10D560008F023E43664329277F1BFE400C3D7746D2
:10D57000AF40BF1930BCA2B2ABB272437343801A42
:10D580009941220C7243130C1204801A9941020033
:10D590000B000137001BA941F9D2781E0021F0BD14
:10D5A0000C277F1BFE4077467F0BAF40FF19E0E75B
:10D5B00000245D1C07D0144F7D663966FFE7FFE746
:10D5C000FFE7FFE73C6F95B29EB265436643401BA1
:10D5D000B141150C1E0C6543664336042F0C3E43C7
:10D5E0002D04401BB141994204D202000B002000DF
:10D5F0000021F0BD01D19042F7D3801A9941013446
:10D600009942F2D3F6E70000000000D0FFFFFFFFD1
:10D6100048404140484018B41B4B5B68FC460193AE
:10D6200008BD04DFD3D8001018B4174B1B68FC46A4
:10D63000019308BD00DFDDD800109446134A926FB5
:10D64000920809D2624618B40F4BDB68FC4601937E
:10D6500008BD0CDF95DB00100C4AF0B5146E556E5A
:10D66000576F166F6246FFF7EEFF084A146655665D
:10D6700057671667F0BD18B4034B9B68FC460193CF
:10D6800008BD08DF39DA0010D02B0020000000D0E0
:10D69000FFB550404240504059404B40594000E097
:10D6A000FFB5154F4C00640D03D0BC4204D10C03F0
:10D6B00014D80020090D09055C00640D03D0BC429C
:10D6C00004D11C030AD800221B0D1B0501264B4068
:10D6D00009D44B4003D58B4200D18242FFBD994211
:10D6E000FCD19042FFBD0B43DB1803431343F5D03D
:10D6F000C9434918FFBD0000FF07000000B5FFF750
:10D70000CFFF804100BDC04600B5FFF7C9FF01D97A
:10D71000002000BD012000BD00B5FFF7B9FF01D911
:10D72000002000BD012000BD00B5FFF7B1FF804122
:10D7300000BD012040054A00121804D85A001218F2
:10D7400001D8002070470120704700000021002808
:10D7500005D17047C1174840401AFAD0C90713B520
:10D76000064B1B6898470CBC441CA2401005120BCA
:10D770000349091B09051943114310BD50470320F4
:10D780001F04000010B54C00620D8023D218DB008E
:10D79000D21A5B057E2A10DD9E3A13DACC170903F4
:10D7A000490819435242D140640001341532202AFD
:10D7B00005DAD0400843604310BD002010BD084684
:10D7C000604310BDC80FC018013810BD18B4044B19
:10D7D0005B6AFC46019308BD24DF45DD00100000B4
:10D7E000D02B002018B4044BDB6FFC46019308BD1E
:10D7F0007CDFC5DD00100000D02B0020132370B5A6
:10D800001D78012D19D014DD1F48FEF74BFE0600D0
:10D810001E48FEF747FE1E4C80223100200000F01B
:10D82000CDFD022D2DD01B48FEF734FE1A4B18609B
:10D8300070BD1A4B164CA364F5E7184B144C2360CB
:10D840006360A360E36023616361A361E3612362BA
:10D850006362A362E36223636363A363E36323649A
:10D860006364A364E36423656365A365E36523667A
:10D870006366A366E36623676367A367E367A364DE
:10D88000D1E7064BA364CEE75344000053460000A3
:10D89000D02B00204C33000050470320A1D80010AB
:10D8A00007B5604601880A0A0230DF2AFAD1C9B2F8
:10D8B000820804D3028840880004104300E0006816
:10D8C000014A5050039007BDD02B00200FB403BC79
:10D8D0000CBCF0B50124E407634000E0F0B50C0D8A
:10D8E000CF0F661E3605891B640503D3C94340422A
:10D8F00000D30131640D03D0661CF60A07D0E41B87
:10D9000000207F00791C89078912803C24031D0DAB
:10D91000DF0F6E1E36059B1B6D0503D3DB435242A2
:10D9200000D301336D0D03D06E1CF60A07D0ED1B3A
:10D9300000227F007B1C9B079B12803D2D032F1B29
:10D94000661B58D4A446202E46DA20371400BC406B
:10D950001D00BD40F24033412A4380185941CB0F8E
:10D9600005D0C943C0430022644250415141624640
:10D970004D0D28D10D0D07D100281FD0241940418D
:10D980004941013A0D0DF9D0640006D3013000D3AE
:10D990000131002C01D140084000013A0BD4941C05
:10D9A000E40A04D112051144DB071944F0BDD9077C
:10D9B000204B194300E0D9070020F0BD0029DDD13C
:10D9C000002CDBD1F0BD0132C6074008CD0728434B
:10D9D0004908002EE1D0D9E73C2E29DA203E403715
:10D9E0001400BC4000D00124F24014431A00BB4094
:10D9F0001C43D317ACE7AC46202F08DA20360400CE
:10DA0000B4400D00B540F84039412843A5E73C2F0C
:10DA10000CDA203F40360400B44000D00124F84026
:10DA200004430800B1400C43C117EAE71000190095
:10DA3000002494E70000F07FF0B50C0D661E36055B
:10DA4000891BE60A6405640D02D0651CED0A04D04A
:10DA5000002001210905803C2403A4461C0D671EFB
:10DA60003F05DB1BE70A6405640D02D0651CED0A67
:10DA700004D0002201231B05803C2403774064442A
:10DA800097B484B296B27443070C7E43150C6F436F
:10DA900080B26843361802D3012000043F183004D6
:10DAA000350C00197D41844688B29AB250430C0C63
:10DAB00062431F0C7C438EB27E43921902D301262F
:10DAC0003604A4191604170C3618674101BC81B23C
:10DAD0009AB25143040C62431B0C5C4380B258431E
:10DAE000121802D30120000424181004130C40184B
:10DAF00063412D185E410020474106BC88B293B2B5
:10DB000058430C0C6343120C544389B251435B18C5
:10DB100002D301210904641819041A0C091862417E
:10DB20006D1856410020474118BCF902720D11438F
:10DB3000F0026A0D1043ED020A0D03D16D19404148
:10DB40004941013B124E9B1B7600B3420ED26D0041
:10DB500007D30130002671416646354301D14008A4
:10DB600040001B05C918E4072144F0BD0BDA01335E
:10DB700006D1013004D101314F0D01D04908F2E73F
:10DB8000E1070020F0BD013631050020EBE7000081
:10DB9000FF030000F0B51C0D671E3F05DB1BE70A05
:10DBA0006405640D02D0661CF60A04D0002201232D
:10DBB0001B05803C2403D0252D060026F6432E6647
:10DBC0001E096E66CE0FF619B44649004F0D02D0FD
:10DBD0007E1CF60A03D000200021403F3F033E1B7D
:10DBE000B600B444013F7F05C91B49082E6F0136BA
:10DBF00076089C02950D25437543ED137543AD13CF
:10DC000001356D10F603761B0CB4CC02450D2C4388
:10DC1000A2B2B3B25A43270C7B43350C6F43A4B274
:10DC20006C431B1902D3012424043F191C041D0C4E
:10DC3000A4187D4124196D41009A91B2ACB26143A0
:10DC4000170C7C432B0C5F4392B25A43A41802D3A7
:10DC500001221204BF182204230C52187B41019C9C
:10DC60006C431B19520ED9010A434401A01A81B218
:10DC7000B2B2514303145A43360C734387B277430D
:10DC8000D617D21900277E4136049B191704160CAB
:10DC90007F185E417316ED18F3010026803375413D
:10DCA000A90F06D16400690AE8055B0A184309D286
:10DCB0002FE00422944480337541A90AA8059B0AE9
:10DCC000184326D3404149412404009A019B0D008A
:10DCD0005543641B4343E41A95B286B27543170C4F
:10DCE0007E43030C5F4392B25A43B61802D301221B
:10DCF0001204BF183204330C52197B4152429C412A
:10DD0000002C02D40022013051414008CA071043C0
:10DD1000490802B06246D7079210084BD218084B48
:10DD20009A4203D212058918C919F0BD0020002AB1
:10DD300001DC3900F0BD01331905F5E7FD030000F2
:10DD4000FE070000002200B5203200F004F80800B1
:10DD500000BD000000220B150AD410B5944600F057
:10DD60005FF81414013400DA0021CB17144C20475B
:10DD70000020002170476244343A0CD40C2A07DAA0
:10DD800004009140904052422032D440214310BDC3
:10DD9000D843D94310BD203207D40C469440524298
:10DDA00020321141D040204310BD0800C917203255
:10DDB00003D452422032104110BD1800190010BD8A
:10DDC00077DD00104A00520D144BD21A13DDFF2AE2
:10DDD0001EDAD205CB0FDB071A43C300400F09033D
:10DDE000490A084310435B0001D301D0013070475A
:10DDF0004308FBD2704702D0C80FC00770470A0320
:10DE000012130132F8D1420F072AF5D1012200E0A6
:10DE1000FF22C80F00028018C00570478003000071
:10DE20000A0DCC0F531E1B05C91A520503D3C94353
:10DE3000404200D30131520D03D0531CDB0A07D0FE
:10DE4000121B00206400611C89078912803A1203AA
:10DE5000014BD21A70470000FF03000051434343B7
:10DE6000C9188C46110C83B24B4310B4040C6143A7
:10DE700092B280B2504362431C041B0C001910BCC8
:10DE800059411304120CC0185141614470470000FD
:10DE90004840414048400E4B5B6818470C4B1B689C
:10DEA00018470C4A936F9B0802D2094BDB6818474E
:10DEB000F0B5146E556E576F166FFFF7F6FF054AF3
:10DEC0001466556657671667F0BD014B9B68184787
:10DED000D02C0020000000D007B548404140484009
:10DEE00001E0C04607B54200120E03D0FF2A03D15D
:10DEF000420218D8C00DC0054A00120E03D0FF2AF6
:10DF000003D14A020FD8C90DC9050122414005D4E9
:10DF1000414001D5814207BD884207BD01434918F0
:10DF200001D0C043001807BD00B5FFF7DBFF01D0EB
:10DF3000002000BD012000BD00B5FFF7D3FF8041E8
:10DF400000BDC04600B5FFF7C7FF804100BD491ABC
:10DF5000002807D108467047C10FC90700D54042C5
:10DF6000002817D0F44603B40B4B1B68984706BC37
:10DF700081409E384042803107D20B0607D04900CD
:10DF8000490AC0051043084360470130F8E7490AD1
:10DF90008902F5E77047000050470320014B5B6A98
:10DFA00018470000D02C0020014B1B6B18470000C5
:10DFB000D02C0020054A10470029FBD0044B5B6E93
:10DFC000FC46184764DF49E2001000004FDF0010F4
:10DFD000D02C0020034BDB6FFC4618477CDF15E399
:10DFE00000100000D02C0020C11502D4054B9B6905
:10DFF0001847C843FF2801D1C0077047C817C0059C
:10E0000070470000D02C00204100090E862902DA5A
:10E01000044BDB6B1847044900B500F0F9F802BC6B
:10E020008E46F5E7D02C0020DB0FC9404100090ED9
:10E03000862902DA044B1B6C1847044900B500F02E
:10E04000E7F802BC8E46F5E7D02C0020DB0FC94074
:10E05000034B9B6DFC46184758DF8DE20010000013
:10E06000D02C0020132310B512481C78FEF71AFAA2
:10E070000100012C0AD003DD80220F4800F09EF938
:10E080000E48FEF707FA0E4B186010BD0A4C5422DA
:10E09000200000F093F90B4B6365A365E3652366ED
:10E0A0006366A366E36623676367A367E367236228
:10E0B000E361E5E753460000D02C00204C3300001C
:10E0C000504703201DE20010F0B546464F46D646A5
:10E0D000C0B5FF26C50DCB0D354088461700041C82
:10E0E0001E40002A01D000231360FF2D5DD0002EBA
:10E0F0005BD0002D5CD0201CFF2E51D03300013BA3
:10E10000B246AB424CDC802109048946E20F64022E
:10E11000640A0C4341464E464902490A0E43B14641
:10E12000AB4247D05346ED1A002A4CD06442002D32
:10E1300058DD4B460120D9114042FFF731F81D232D
:10E1400000219C462A000C2D00DD0C22664663123D
:10E1500094404343B61A334126004C469140013364
:10E160005B105C435918341BAD1A002DEADCA14545
:10E170003FDC4B46E41AA14548DCE41A0231630057
:10E180004B452BDC3DD04346002B00DA4942002FA3
:10E1900000D03960962153462000C91AFFF704FFCA
:10E1A000E0BCBA46B146A846F0BDFF20C005F7E77F
:10E1B0000020F5E7B442F3DD7300002A1CD1AA4623
:10E1C0000121E41ADFE7002DB3DC0021B44205DBB6
:10E1D000A41B012163009E4200DBD4D14B460131D8
:10E1E000E41AD0E700214B46E4180DD54C4402391F
:10E1F000C5E7002CC3DAF6E70121AA461C1B4942F9
:10E20000C1E7CB07BFD5E9E70139B8E70131B6E788
:10E2100010B50022FFF758FF10BDC04607B5604695
:10E2200001880A0A0230DF2AFAD1C9B2820804D36F
:10E23000028840880004104300E00068014A505002
:10E24000039007BDD02C0020002230B5002906D550
:10E25000CD0705434808013A10E0002230B505001B
:10E260000D430FD0CD170C16AC4205D1C901440E99
:10E270002143C0010732F6E70500080052423D3253
:10E280000149884730BD0000EF29000030B51D4C22
:10E29000A446E04704460846214614461A4623464B
:10E2A000E04740014901D418641201340AD4D41A59
:10E2B00005DA644220411C2C0DD3C0170BE021412C
:10E2C0001C2C08D3002804DA0F4B1868C9174840E3
:10E2D00014E0C81712E000220B4B002802DA40427B
:10E2E00049421A680124094DA8471046064B1A688E
:10E2F000841802D2841A00D4A01A01380022044BD8
:10E3000018470000C1290000FC2C0000972B0000DA
:10E31000192B0000C30FDB0741000A0E07D0FF2AAC
:10E3200008D00909054A89181943400770471900A0
:10E33000002070470249C918FAE7000000000038C1
:10E340000000F07F70B504000A4E300008F06CFA4F
:10E35000200007F033FD0500300008F0A5F9002D7E
:10E3600005D0054B2C199C4201D8280070BD0348EC
:10E37000FCF70CFF2428002000000420646B01102F
:10E3800070B50400054D280008F04EFA200007F093
:10E390001FFD280008F088F970BDC0462428002021
:10E3A00001480421014B184790220020B5C40010F9
:10E3B000014B1B681847000090220020014B5B684E
:10E3C000184700009022002010B5FFF7BBFF10BDDA
:10E3D00010B5FFF7B7FF10BD10B5FFF7D1FF10BDA7
:10E3E00010B5FFF7CDFF10BD7047C046F8B55746D2
:10E3F000DE464E464546E0B599460A9B07009A46DA
:10E400000D9B884693460B9C9B073BD10C9B9C42E3
:10E410003DD21E1B0B9415000C005E442A004B4697
:10E42000013521002020B847B542F7D1A0460B9C0A
:10E43000002C20D0454636195346321B013C185D4E
:10E4400029004B46B847002CF6D12B0035009846E2
:10E450000D9B9B070FD55B46EC1A0C9BA3420AD978
:10E46000464698462A004B46310020200134B847E2
:10E4700001354445F6D32800F0BCBB46B246A94658
:10E48000A046F8BD16001500002CD3D1E0E7160019
:10E490001500002CCED1EEE7F0B54546DE465746D6
:10E4A0004E46E0B585B09C4610AB1B78149F934652
:10E4B00098460F9C129E139DBB074CD4002D42D151
:10E4C000B44248D201233B4099460E9B013B9A46F9
:10E4D000302304E0524601341355A64201D9202CC2
:10E4E000F8D14B46002B00D183E00E9B013B9946AF
:10E4F0003023A54205D82EE04A4601341355AC42DC
:10E5000029D0202CF8D1FB060CD57B0554D4A6428B
:10E5100063D0A54261D0119B102B50D0022B57D055
:10E52000202C32D1202301930E9B5A46009303974F
:10E5300063460295FFF75AFF05B0F0BCBB46B246F2
:10E54000A946A046F0BD01233B40994601233B422A
:10E550002AD1B442B9D3FB061CD57B05DBD4002CF1
:10E56000D5D1119B102B5BD0119B022B6BD030238C
:10E5700001240E9A13704346002B10D17B073ED521
:10E580002B260E9A631C1655CDE723000134302646
:10E590000E9AD654202CC5D04346002BEED02D2603
:10E5A0000E9A631C1655BEE74346002B2FD0013D43
:10E5B000B44200D289E798E7119B102BB2D1BB0679
:10E5C00037D5202CAED058230E9A13550134A7E727
:10E5D000202CA7D02300013407E0631E012CC0D0FB
:10E5E000119A102A31D0022AD1D162260E9AD6541D
:10E5F00096E7FB06CED57B0500D488E78BE72300A2
:10E600003E0790D520260E9A013316558BE70C2332
:10E610003B405A1E9341ED1AB44200D255E764E7DD
:10E62000BB060ED478230E9A022413703023537045
:10E63000A1E7202C00D175E778230E9A13550134F9
:10E640006EE75823EFE76033EDE70E9AA61E91467A
:10E650004E44BA0602D55822327098E778223270BA
:10E6600095E7C04610B5002800D110BD01F0F6FCBA
:10E67000FBE7C0460B0010B5002802D049681B68B4
:10E68000984710BDF0B55746DE464E464546E0B5C4
:10E6900095B083460F00924698461E9A1F9B100025
:10E6A0001900209EFFF745F8002800D0EAE11E98E7
:10E6B0001F990122C54B5242FFF720F8002800D0D5
:10E6C00014E11E981F990122C14B5242FFF72CF80A
:10E6D000002800D0E9E01E981F990022BD4BFFF7EB
:10E6E00023F8002800D0C8E01E981F990022BA4BDA
:10E6F000FFF704F8002800D0BFE01E981F99002201
:10E700000023FEF7FBFF002800D0E4E000230B937A
:10E71000229B5B0500D406260024302307E0172146
:10E7200006AA013452181355013E202C01D0092E9F
:10E73000F5D81E981F99FFF725F8A84BF2009B18F3
:10E740001A685B68050008920993FFF703F8020056
:10E750000B001E981F99FEF75EFF089A099BFEF7B3
:10E760008AFF06900791FFF731F88146FEF7EEFF2A
:10E7700002000B0006980799FEF74DFF0022984B08
:10E7800006900791FEF7D0FF002800D10DE101238C
:10E790009C46E1444846FEF7D9FF02000B0008986A
:10E7A0000999FEF7B1FF002802D0002399460135F0
:10E7B000002E00D1D9E006954D46B94614E006AAD0
:10E7C000944617230A216344280001341F19FEF7D9
:10E7D000E7FC3031397028000A21013EFEF7E0FCE9
:10E7E000092D00D817E10500202CE8D14F46069DE1
:10E7F00020240CAE06AA17239446634499465B4630
:10E80000B34606930FE04B4628000A210134E61870
:10E81000FEF79EFC3031280031700A21FEF798FC8B
:10E82000051E00D1E4E0202CEDD1069B5E469B4600
:10E830000323229A1340012B18D1219B002B15D0C2
:10E840000B9B002B00D1FDE0219B013B2193202B52
:10E850000CD93023219A07E0172006A901340918A2
:10E860000B55944200D3CCE0202CF5D1229B01948F
:10E870000393219B0096029322E0229B524604932D
:10E88000219B3900039358461E9B1F9C02960093C0
:10E890000194434600F04AF90400200015B0F0BC92
:10E8A000BB46B246A946A046F0BD229B5B070FD4EB
:10E8B00003224C4B229901920391219900930291DA
:10E8C0004346524639005846FFF790FD0400E4E7FE
:10E8D0000422454BEEE71E9A1F9B00200021FEF705
:10E8E0009AFE01231E901F910B9311E7229B544621
:10E8F0009B0711D1219B042B0ED9219B55469C4689
:10E900005E46043C64442A00434601353900202019
:10E91000B047A542F7D1B346344D26002B1F994688
:10E920005B46A3461C003200E87843463900013DAF
:10E93000A04701364D45F6D123005C469B46229BFD
:10E9400004349B07A9D55346219AE31A9A42A4D9C5
:10E950005E4615002200434639002020B04753464A
:10E960000134E31A9D42F5D897E72800FEF7F2FE3E
:10E9700002000B001E981F99FEF74DFE0022184B57
:10E9800006900791FEF7BAFE0CAE002800D031E7E2
:10E99000069807990022124BFEF7C6FE002800D009
:10E9A00028E7012301359D4324E7002206980799B3
:10E9B0000B4BFEF7A3FE002800D0F9E64B46002BD8
:10E9C0005CD101239C46E144F2E6C046FFFFEFFF25
:10E9D000FFFFEF7F65CDCD4165CDCDC1387801100A
:10E9E0000000E03FBC6B0110B46B0110C46B011060
:10E9F000069B5E469B460323229A1340012B00D1BF
:10EA000081E0202C00D131E70B9B002B27D02D2358
:10EA1000335501342AE74F46069D202C00D1E7E606
:10EA20003022331907E0172006A9013409180A55C6
:10EA3000202C00D1DCE6A342F5D12E220CAE01340D
:10EA4000F254D7E60C23229A134257D0219B013B64
:10EA50002193A34200D9FCE6202C00D106E7229B9B
:10EA60005B0703D52B2333550134FFE6229B1B079D
:10EA700000D4FBE6202333550134F7E6DB0700D44E
:10EA800096E69EE7229B55469B0711D1219B032BBF
:10EA90000ED9219B54469C465E46033D65442200A8
:10EAA0004346013439002020B047AC42F7D1B34689
:10EAB000B9465F461C4EEC1C2A00B07843464946D6
:10EAC0000135B847013EAC42F6D1229BBB464F46CA
:10EAD0009B0700D4E1E65346219AE31A9A4200D8F4
:10EAE000DBE65E4615002200434639002020B04791
:10EAF00053460134E31AAB42F5D3CEE6219BA34241
:10EB000000D9A6E6B2E6219B002B00D179E70B9B4A
:10EB1000002B97D0219B013B21939C4200D298E689
:10EB2000202C00D073E7A1E6C06B0110F0B5DE46E3
:10EB300057464E464546E0B599B081468B469246CB
:10EB40009846229A239B10001900FEF7F2FD002838
:10EB500000D0CAE0229823990122824B5242FEF74C
:10EB6000E3FD002800D0C0E02298239901227E4BCB
:10EB70005242FEF7C3FD002800D0B6E02298239948
:10EB800000220023FEF7BAFD002800D0C9E1229B35
:10EB9000239C08930994089809998023269ADB00FE
:10EBA0001A400D928022269C1201144022000B94E0
:10EBB000269C07000E001C4200D0ADE00B00034372
:10EBC00000D0D5E0002A00D00AE2220006332493C8
:10EBD000022313400C930223134200D002E2259B30
:10EBE000042B00D20FE2043B0B93002304250A936D
:10EBF0000022229823990023FEF780FD002800D0F0
:10EC000003E25A4B269A134004930B9B0393249BD5
:10EC10000293089B099C009301945946434652462F
:10EC20004846FFF72FFD02002020269B1F270340A8
:10EC300059424B415B421840531C08935946434686
:10EC40004530C8470A9AD317D4185C40D30F0A93AB
:10EC50006B1E0B9308AB9C460025674401E0202DFA
:10EC60000FD020000A21FEF79BFA01357E193031C2
:10EC7000317020000A21FEF793FA26000400092EC5
:10EC8000EDD8052306930B9B594605930023049367
:10EC90000A3303930A9B4846029310AB0093089AE9
:10ECA00043460195FFF7F8FB0C9B002B2DD05346F4
:10ECB000C41A259BA34228D94D465F4681461E00B3
:10ECC000534639001A19202043460134A847A6426A
:10ECD000F6D8534648462599C21A0132002391427C
:10ECE00000D386E1013018180FE0269B0493259B82
:10ECF0000393249B0293229B239C009301944346FD
:10ED0000524659464846FFF7BDFC19B0F0BCBB4619
:10ED1000B246A946A046F0BD01432BD10B9B220071
:10ED2000002B00D154E700230A93249B0A9A002465
:10ED3000934200DD85E12298239900220023FEF70B
:10ED4000DDFC002800D035E1269B084A02941A40D9
:10ED50008023DB0013430493259B0393089B099CAA
:10ED6000CBE7C046FFFFEF7FFFFFEFFFFFF7FFFF9F
:10ED700006232493B44B70009C46400D6044FEF77C
:10ED8000E9FCB24AB24BFEF776FCB24AB24BFEF750
:10ED90004BFC3603B14B360B334304000D003800F7
:10EDA00019000022AE4BFEF736FCAE4AAE4BFEF722
:10EDB00062FC02000B0020002900FEF735FCFEF784
:10EDC000E1FC0A90FEF7C6FCA84AA94B04000D001E
:10EDD000FEF751FC0022A74BFEF726FCFEF7D2FC03
:10EDE000A54A0600A54B20002900FEF744FC0400BC
:10EDF00030000D000C96FEF7ADFCA14AA14BFEF7CA
:10EE00003AFC02000B0020002900FEF704FC02007F
:10EE10000B0006000F00FEF72EFC320004000D0070
:10EE20003B0030003900FEF7FFFB00220E900F91EF
:10EE3000954B20002900FEF700FC0022934BFEF7C3
:10EE4000F3FB02000B0020002900FEF7F6FB002276
:10EE50008F4BFEF7E9FB02000B0020002900FEF7B4
:10EE6000ECFB0D008021040032003B000020C905AE
:10EE7000FEF7D1FB02000B0020002900FEF7D4FBB7
:10EE800002000B000E980F99FEF7D7FB0022734B80
:10EE9000FEF7CAFB7F4B0C9C9C4664440022230572
:10EEA000FEF7E9FB06000F0002000B000898099925
:10EEB000FEF724FC00280AD00A9B3000013B3900F1
:10EEC0000A930022714BFEF7B8FB06000F000A9A66
:10EED000330063323900C62A12D80222269804254C
:10EEE00010400B9A0C90002A25D1259B042B05D9A4
:10EEF000002800D0A1E0259B043B0B93042541E0B2
:10EF00000222269810400B9A0C90002A12D1259BC1
:10EF1000052B76D9002872D1259B0525053B0B933F
:10EF200034E0802212069446229B0893239B63447C
:10EF3000099330E605250B4300D1F6E608980999B8
:10EF4000554A564BFEF7E8FB002808D00898099967
:10EF50000022534BFEF7D2FB002800D0E5E6249BAD
:10EF6000002B1CD00D9B002B19D0249B013B24931C
:10EF7000259BAB4204D90C9B002B5AD002230C9347
:10EF800000230B930A9B002B00D131E608980999C6
:10EF900032003B00FEF751FB0890099128E6259BC3
:10EFA000AB42EDD90C9B002B43D000230B930233D3
:10EFB0000C93E7E78020269B3A4A00061A408023FC
:10EFC00084460294089C099D2900DB0013430493A6
:10EFD000259B6144220003930B00009201938EE66F
:10EFE0000524A8E600230B930A93023304250C930F
:10EFF000FEE553468C46013B63441B1A72E602232E
:10F000000C930525C2E70423EDE58020089E099FA7
:10F01000000639008446269A224B6144134004932B
:10F020000B9B32000393249B02930B0000920193ED
:10F03000F3E5259B5B1B0B93A4E7022304250C93AC
:10F04000A0E79C1A013C76E601FCFFFFFB799F508C
:10F050001344D33FB3C8608B288AC63F0000F03FFB
:10F060000000F83F61436F63A787D23F71A379091E
:10F070004F930A400000E03F1655B5BBB16B02400C
:10F08000EF39FAFE422EE63F00002C4000002440FB
:10F0900000001840FF0300002D431CEBE2361A3F2E
:10F0A00080842E41FFF7FFFFF0B5DE4657464E46FF
:10F0B0004546E0B5A5B01E002E9B92460C93CD4A66
:10F0C000CD4B80468B461A60002900D1EAE100232F
:10F0D00030789946002800D1ECE1C84B4C460B93A0
:10F0E000C74B454657460E930AE0631C98462200DC
:10F0F0003B005946A84744463078002800D187E0B5
:10F1000001362528F1D108239A46043B9946023B53
:10F110009846013B00229C460D943078711C0300F8
:10F12000203BDBB2102B03D80B9C9B00E3589F467F
:10F130000300303B89460D9C092B3AD900239846A1
:10F140002A2800D1C1E000239A462E284BD0030084
:10F15000683BDBB2122B1ED80E999B00CB589F4602
:10F1600063460E001A43D8E743460E001A43D4E71D
:10F170004B460E001A43D0E710230E001A43CCE78B
:10F1800053460E001A43C8E780235B001A43FF3B37
:10F190009C467078E1444E4667284FD82428A4D96D
:10F1A0000300253BDBB2422B9FD896499B00CB58EE
:10F1B0009F46002394461E0000E00131B3009B19D6
:10F1C0005B001E180878303E0300303B092BF4D951
:10F1D0000123624689469C460023B0469A460E00AB
:10F1E000E1442E28B3D13021802049428C46C00012
:10F1F000024370784B4684446146092900D86CE18B
:10F200002A2800D17AE101239C464E46E1449EE73C
:10F21000A146A846BA46CA4503D801235B425344D7
:10F22000994653464A4659460020C047200025B01B
:10F23000F0BCBB46B246A946A046F0BD0300693B00
:10F24000DBB20D930F2B00D94FE7012199408C467B
:10F250006D49894661464B4619400F9163464946C0
:10F260000B4200D028E10D9B0A2B3AD0072B00D08F
:10F270003BE70C9B190008C98846002B00D14BE1E5
:10F2800021200243914614A98C461F220F2162447B
:10F290008C4651460D950C91A24615000F9902E03F
:10F2A00020290CD0130064461C4020003730092C64
:10F2B00000D80738013168541A090F2BF0D80C9B7D
:10F2C00054460D9D9A460F9133E10C9B02CB884624
:10F2D000002947DB0C9301239C4670784E46E1449D
:10F2E00031E70C9B02CB14935346002B00D138E13D
:10F2F0009C4608780B000C908C44002801D100F04B
:10F3000098FC89466146944603E05A780133002A06
:10F3100001D08B42F9D1494662465B1A0C900F939B
:10F32000530500D520E10223180010400D90134230
:10F3300000D1CBE30D930B1BB1469A465E460C9869
:10F3400022003B003100A84753460134185D0028D5
:10F35000F6D1B3464E460D9B002B00D0C7E1149B5F
:10F360000C93C9E60C9301239C462838494202437A
:10F37000884670784E46E144E5E670786C2800D106
:10F380007FE180235B001A43FF3B9C46E14402E798
:10F3900080239B001A4301239C467078E144FAE6DF
:10F3A0007078682800D173E180231A437F3B9C4624
:10F3B000E144F0E6672800D103E1472800D15AE193
:10F3C000452800D15AE10492072142460C9B039242
:10F3D000073352468B43190002920CC92800009251
:10F3E00001930C9122003B005946FFF79FFB04005C
:10F3F00082E6C046A9F000101C3203209C76011062
:10F40000E07601102C77011041900000462800D1D1
:10F41000DBE00492072142460C9B039207335246DD
:10F420008B43190002920CC92800009201930C91A1
:10F4300022003B005946FFF725F904005CE6631CF7
:10F44000984622003B0059462520A847444653E6EB
:10F450000C9B04330D93631C9946920700D422E160
:10F460000C9B2200187859463B00A8474346444469
:10F47000012B00D885E23300B8462E005F462500F8
:10F480004C46994622004346013439002020B047BB
:10F49000AC42F7D12C00BB46350047464E460D9B8B
:10F4A0000C9329E6DB4B30789846002399460028D8
:10F4B00000D012E60024AEE66F2800D188E000D824
:10F4C0000BE31023782800D1CFE09A430A239C460F
:10F4D00000230F930A330D9380E05646B10089193B
:10F4E000490001330E181878303E010030390929DF
:10F4F000F4D9B2461E000133994628E60C9B023629
:10F5000002CB8A46C9435046C917084082460C932D
:10F510003078731C99461AE6102310009843113373
:10F520001843814680201300C0000340024200D1EE
:10F53000A9E64B46069308230593534604931023EC
:10F540000393002302930F9B220001931CAB0093B3
:10F5500059463B002800FEF79FFF434604000C93EA
:10F56000CAE501235B42C3E60F9B534501D95346CD
:10F570000F930223180010400D90134200D1B7E101
:10F580000D93D1460B1B9A463300A1442E00220056
:10F590004D460C98B9465F469B4608E04B463900FD
:10F5A000541CB0475346185D002877D0220095427E
:10F5B000F4D15B46BB464F46A94635004C461E007B
:10F5C000C9E680231B011A43FDE620231A4320E7E6
:10F5D00008239C4600230F9308330D9380231100CA
:10F5E000DB0019401A4200D116E10D239A431000A6
:10F5F000802302009B001A401492184200D0C2E1FE
:10F60000802302005B001A4091460C9A04320F924C
:10F61000184200D0B7E2430600D59FE1030600D4AC
:10F6200019E30C9B1B880993002B00D0FCE11033DD
:10F630009843002900D1F7E10023994643460593FA
:10F64000534604930D9B069003930023D2E0582861
:10F6500008D0622867D102239C4600230F9302330F
:10F660000D93BBE720231A43103B9C4600230F93C6
:10F6700010330D93B2E780231B011A4320231A4352
:10F68000A1E6C0239B001A43F31C9946B07882E59B
:10F69000C0231A43F31C9946B0787CE535005E46DA
:10F6A000BB464F4657E64346012B00D863E1631E35
:10F6B00043449A463300B9462E005F4655469B4662
:10F6C000A24622004B46013439002020B047AC420C
:10F6D000F7D135005E46BB464F46A14654460C9BCB
:10F6E0004A46187859463B004444A847D7E6A14605
:10F6F0000F9B984500D832E64444E41A3300B846DC
:10F700002E005F4625004C469946220043460134B0
:10F7100039002020B047AC42F7D12C00BB46350061
:10F7200047464E461BE680231000DB0018401A4275
:10F7300000D10FE1112118008A430D920D9A802308
:10F7400011009B0019408C461A4269D18023110098
:10F750005B00194089460C9904310F911A4200D080
:10F76000CAE113005B0600D5F0E013001B0600D4CD
:10F7700059E20C9B00229B5ED9175A184A4092B25C
:10F78000D90F0C91002B00D1F9E1100014AA944676
:10F7900042461F23149252466344A84616944D468F
:10F7A0000400B946B2461F00159201E0202D0FD08B
:10F7B00020000A21FDF7F4FC01357E19303131704B
:10F7C00020000A21FDF7ECFC26000400092EEDD8EC
:10F7D000149B4F46A94645469846159B56469A4661
:10F7E000169C0D9B069343460593534604930A23A8
:10F7F00003930C9B02934B4601931CAB2200009396
:10F8000059463B002800FEF747FE0F9B04000C936F
:10F8100072E4C046E9E300100C239A431000E7E6C7
:10F8200007220C9B07339343013294469C44624663
:10F830000C920CCBD90F0F911100194300D191E01C
:10F84000D917139112915140109113995940119168
:10F8500010981199129A139B801A99411090119146
:10F8600014AA0023944642469946149252461F33E6
:10F870006344A846B24616944E46109C119DB94664
:10F8800015921F0001E0202E10D0200029000A222E
:10F890000023FDF7C3FC013630322B00BA550D00B2
:10F8A00022000400002BEED1092AECD8149B1094FE
:10F8B000119545469846159B4F46B14656469A4681
:10F8C000169C0D9B069343460593534604930A23C7
:10F8D00003930F9B02934B4601931CAB22000093B2
:10F8E00059463B002800FEF7D7FD0400FFF704FC53
:10F8F0000F9B984500D8C1E18023DB000D93434660
:10F900000F9A1B199B1A994633002E004D46B94693
:10F910005F469B460C9122004B4601343900202063
:10F92000B047AC42F7D143460C9901330F930B78A3
:10F9300035000C935E46BB464F46002B00D10EE5CA
:10F940000D9B002B00D1F6E4002319E60C9B1B78DD
:10F950001A0015E710239A430D92EFE60C9B1B78D3
:10F96000099361E6002399460028AAD100220023CA
:10F970001092119374E70C9B2200187859463B00B3
:10F98000A8474C468BE50C9AFA3BFF3B07329A435B
:10F990000133994691444B460C9313685268159273
:10F9A0001A4306D11032904300220992002900D058
:10F9B00081E06122810600D54122D2B20A9214AAC6
:10F9C00091460A9A00210A3A1492424617925246E8
:10F9D00018925A460991B3461F311E000F9B4944A5
:10F9E000BA4619941A950024674698468946159D8B
:10F9F00016901B920AE03032D2B24B4601341A55AF
:10FA0000A8454AD0202C4AD006000D003A00002319
:10FA100030002900FDF702FCD2B2092AEBD9149B71
:10FA20009C466244D2B2E8E76123820600D54123B6
:10FA3000DBB20A3B0C93434614A91F228C46159354
:10FA400053466244A046B2464C461797A946170053
:10FA5000099D0D9E1490169308E03033DBB20134FB
:10FA60003B55B5420ED3202C0CD0050031002800A8
:10FA7000FDF796FBCBB20929EFD90C9A9446634463
:10FA8000DBB2ECE7159B4D46A14644469846169BD3
:10FA9000564614989A46179FD0E5B742B2D9179B9D
:10FAA00057469846189B5E469A461B9B09949B4670
:10FAB0001698199C1A9D43460593534604930D9B33
:10FAC0000690039300230293099B05E70F9B98453B
:10FAD00000D914E701330F932DE41023110099434B
:10FAE0000D91692800D0BAE080231000DB00184097
:10FAF0001A4200D122E61DE60C9B1B68DA0F1100AA
:10FB0000002B00D18CE0DA179818504014AA9146C7
:10FB100042461F23149252464B44A046A9461697CC
:10FB200004006546B2461F000C91159201E0202D9D
:10FB30000FD020000A21FDF733FB01357E1930314B
:10FB4000317020000A21FDF72BFB26000400092E4E
:10FB5000EDD8149B444698460C9BAC461900159B67
:10FB600056464D469A46169F0D9B02910693434674
:10FB70000593534604930A23039363463CE6002807
:10FB800000D02EE602E60C9B1B689946002B03D1A1
:10FB900010339843002938D16123820600D54123D0
:10FBA000DBB20A3B0C9343461693534614A91F221B
:10FBB0008C4617932B006244A0464D46B2461897D8
:10FBC00099461700149C0D9E159008E03033DBB267
:10FBD00001343B55B5420ED3202C0CD0050031002A
:10FBE0002800FDF7DDFACBB20929EFD90C9A94462B
:10FBF0006344DBB2ECE7169B149444469846179B8B
:10FC000056464D469A461598189F434605935346C7
:10FC100004930D9B0690039300230293149BEBE542
:10FC20000028A1D172E70C9B1B68D9175A184A40CB
:10FC3000A6E580231000DB0018409C460F901A4276
:10FC40000FD00220030013400F93104219D000235D
:10FC5000A1460F934CE50C9B1B680993E4E40A0052
:10FC600034E40223180010400D90134200D03EE50A
:10FC70004346002B00D042E6FFF771FB01330F93A0
:10FC80007FE463460D93F3E710B50C0084B0039452
:10FC9000012402A902900093034813006242FFF777
:10FCA00003FA04B010BDC04675E6001010B5094A4D
:10FCB0000300146884B0002C08D00122009106488B
:10FCC000524203A9A047012004B010BD00F010FA71
:10FCD0000020F9E71C32032065E6001000BEFDE7B6
:10FCE000094A03001068002805D00849C3188B4250
:10FCF00007D81360704706480449C31810608B4248
:10FD0000F7D901204042F5E7EC2D03200000042044
:10FD10007448032000207047012040427047C046CD
:10FD2000030010B508001100002B05D1044B1A6820
:10FD30005B6800F035F910BD01204042FBE7C0468A
:10FD400040760110012040427047C04610B5FFF7D1
:10FD5000C5FFC04670B5FDF7BDF8074D074EB5426B
:10FD600009D20024013E761BB60808CD984723002F
:10FD70000134B342F9D170BD84680110A868011044
:10FD8000030010B5080011001B68984710BDC0465D
:10FD9000F0B5C64600B5437D07000C001600002BE9
:10FDA00046D0002A17DD0B780A2B24D00023984672
:10FDB000012E13D001252900635C01350A2B26D0C2
:10FDC000B542F8D1464509DCA419013C23780D3B26
:10FDD0005A4253413B7580BCB846F0BD4346E018DB
:10FDE000A419F11A013C3B68984723780D3B5A420D
:10FDF00053413B75EFE7037D002BD7D102210F481C
:10FE00003B689847012EDFD001239846D2E7631E56
:10FE10005B5C0D2BD4D0884504DA4346C91AE01840
:10FE20003B689847022105483B68A8469847C7E7C2
:10FE30000368110020009847CDE7C046887801107C
:10FE4000F0B5C6460B6806000C0000B5802B06D046
:10FE50005A1C2260E418267180BCB846F0BD0F4BD6
:10FE60001D68002D16D00B1D98460D4F02E02D6920
:10FE7000002D0FD02B68002BF9D03B68002B01D050
:10FE8000AB42F4D1280041462268FFF781FF2D697B
:10FE9000002DEFD101220023DBE7C046B42D032063
:10FEA000E82D0320F0B54546DE464E465746E0B500
:10FEB00083B091461C0080460D00FCF7F5F9002345
:10FEC000304A12184B41002B02DA01222E4B5242CB
:10FED0002E4908008A4606F06FFC07006B1C03D110
:10FEE000404605F0C7FA0500002C27D0284E294BC4
:10FEF0001C68002C18D04B46002B21D1264B99466C
:10FF000002E02469002C0FD02368002BF9D04B4667
:10FF10001B68002B01D09C42F3D120002A004146EF
:10FF2000B0472469002CEFD1002F26D1280003B060
:10FF3000F0BCBB46B246A946A046F0BD174ED6E778
:10FF4000154B99460A239B4602E02469002CEBD00E
:10FF50002368002BF9D04B461B68002B01D0A3422D
:10FF6000F3D12A0041462000B0476B465A46200094
:10FF7000DA71D91D0122B047E7E7504606F094FB3D
:10FF8000D4E7C04640420F00FFFFFF7F2C2800202F
:10FF900091FD0010B42D0320E82D032081FD0010F9
:10FFA000F8B557464E464546DE4698461A4BE0B5EC
:10FFB0009B461A4B07000E0091469A46184D5B4629
:10FFC0001C68002C03D115E02469002C12D02B688A
:10FFD000002B01D0A342F7D1A368002BF4D031004D
:10FFE000380098470028EFDDF0BCBB46B246A94672
:10FFF000A046F8BD53465B6A984508D85246926AB7
:020000041001E9
:100000004A4502D302204042EEE79845FAD101204A
:100010000021FCF753F9D2E7B42D0320004005403E
:10002000E82D03200A4A1368002B05D10CE01A00C2
:100030001B691032002B07D08342F8D1002902D16E
:1000400018691060196170470029FCD01060FAE748
:10005000B42D032010B500F0F1FA10BDF0B5CE4676
:10006000474680B583B06B460600DD1D2870FCF75F
:100070001BF90023194A12184B41002B02DA012206
:10008000174B524217490800884606F095FB164B5D
:1000900081461C68002C14D0144F02E02469002C07
:1000A0000FD02368002BF9D03B68002B01D09C4275
:1000B000F4D1200001222900FFF76AFE2469002CF8
:1000C000EFD14B46002B05D1300003B0C0BCB94680
:1000D000B046F0BD404606F0E7FAF5E740420F00B3
:1000E000FFFFFF7F2C280020B42D0320E82D0320E4
:1000F00070B5040005F0BEF90123010005000122DE
:100100002000FFF7CFFE084B1C68002C06D0636868
:10011000002B05D098472469002CF8D1280070BD29
:100120002469002CF3D1F9E7B42D0320F0B5CE46B5
:10013000474680B5A3B004000D00FCF7B5F80023D6
:10014000274A12184B41002B02DA0122254B52425A
:10015000254E300006F030FB0023220001930700FB
:100160002B00224801A9FFF78FFD214B80469946BD
:100170001C68019B002B1AD0002C2FD01D4D02E0D3
:100180002469002C0FD02368002BF9D02B68002B9A
:1001900001D0A342F4D12000019A02A9FFF7F8FD93
:1001A0002469002CEFD14B461C6800230193002CDE
:1001B00006D06368002B0BD098472469002CF8D137
:1001C000002F07D1404623B0C0BCB946B046F0BDB1
:1001D0002469ECE7300006F067FAF3E70194EFE7F3
:1001E00040420F00FFFFFF7F2C28002041FE00103F
:1001F000B42D0320E82D03200FB400B583B004A96B
:1002000001C90191FFF792FF03B008BC04B0184781
:100210007047C0460022014B1A7070476E48032099
:100220004B790020FF2B0BD18B79002B08D1CB7998
:10023000012B05D1082A03D9024B8A7809301A709C
:100240007047C0466E4803200120704710B5012951
:1002500013D112495379107909781B020343002006
:10026000994200D010BD5378012B08D0022BF9D150
:10027000642200210020FCF7B7F80120F2E7D378D0
:1002800091781B021943480ADB0501D40120404242
:100290007F238A05D20F1940FCF72EF96E48032000
:1002A000004870475479011070B505001400012012
:1002B000012909D153780020012B05D163791279E6
:1002C0001B021343072B00D070BD21002800024AF7
:1002D0009F3301F055FAF7E7AC7801100123037062
:1002E000004870478C7801104B780A781B02134342
:1002F0008A7810B512041A43CB781B061343962252
:10030000D200934200D010BD0022012011004042D3
:10031000FCF7F2F8024B1860024B19607047C046B8
:100320000C2D0320102D032010B5024B1878FBF77D
:1003300073F910BD6F480320154B70B51A68002A79
:1003400022D0EFF3108172B610680028FCD0BFF302
:100350005F8F00200F4A596010701B68BFF35F8FDA
:10036000186081F31088002400250B4E3078FBF7CD
:1003700047F9002804D1002400252900200070BD81
:100380003078FBF749F9F8E7FA240025A400ECE7F8
:10039000783C0320704803206F48032070B50400A8
:1003A00000200E0001F00AFB002834D0002001F0EC
:1003B0001BFB00282FD0FBF777FF0023174A1218EA
:1003C0004B41002B16DB164D280006F0F5F90028EE
:1003D00021D0002001F0F2FA00280FD101200021E5
:1003E000404200F001FD03246442280006F05CF95D
:1003F000200070BD01220B4B5242E4E7002001F0C7
:10040000F3FA0028EAD021003200002001F0F6FAC9
:10041000041EEAD1E7E703246442E9E740420F0003
:100420005C470320FFFFFF7F10B5FBF73DFF002374
:100430000D4A12184B41002B02DA01220B4B52429B
:100440000B4C200006F0B8F900280CD00120002148
:10045000404200F0C9FC002001F014FB0028F5D157
:10046000200006F021F910BD40420F00FFFFFF7F82
:100470005C470320F8B5DE46574680B505000C0002
:10048000FBF712FF0023364A12184B41002B02DA09
:100490000122344B5242344908008A4606F08CF956
:1004A000002803D1C0BCBB46B246F8BD002001F015
:1004B00085FA00284AD00026002C43DD2B4B9B46B2
:1004C00014E0A919002001F017FB0700012000210A
:1004D000404200F089FC002001F0D4FAFBF7E4FE72
:1004E000224BF61918605960B4422BDD002001F050
:1004F00023FBA71B0200B84200DD3A00002AE0D12E
:1005000001200021404200F06FFC002001F0BAFA07
:10051000002001F053FA002814D0002001F00CFB59
:100520000028E1D1FBF7C0FE5B460F001A685B684C
:10053000002184460E4812184B419F4202D8D3D165
:100540009445D1D9504606F0AFF8ABE70020002122
:10055000064B18605960504606F0A6F8A2E7C04660
:1005600040420F00FFFFFF7F5C470320A82B0020C5
:1005700020A1070030B52A4C85B00021200006F0EC
:10058000E3F800281CD1274B1A68002A16D0EFF395
:10059000108172B610680028FCD0BFF35F8F012471
:1005A0002148596002781B68D2B20470BFF35F8F94
:1005B0000020186081F31088002A17D005B030BDE4
:1005C00001200021404200F00FFC002001F00CFA55
:1005D0000500200006F068F8002DEFD0134B1B68D3
:1005E000002BEBD0124A10689847E7E7FBF72EFC88
:1005F0000400FBF759FEFA220023920012184B4127
:10060000002B02DA01220B4B524201210291002100
:100610000191094920000091FBF71CFCCEE7C04680
:100620005C470320783C0320704803200C2D0320F6
:10063000102D0320FFFFFF7F39030110D02310B5D9
:100640001B0684B01C68FBF701FCFBF7FDFCA04215
:1006500002D0002004B010BD294B002100201B78DF
:1006600001F05EFD27480368002B45D00120FBF711
:100670006BF9FF23244C254920701840FAF7E6FF58
:1006800020780121FAF7AAFF0520FAF7CDFF00280C
:1006900024D1082200211E48FDF78AFEFBF7D6FB75
:1006A0000400FBF701FEFA220023920012184B41CE
:1006B000002B02DA0122174B524201210291002144
:1006C0000191154920000091FBF7C4FB0028C0DB15
:1006D00012480121FFF7A6FC0120BBE70120FAF731
:1006E000F5FD0B4B01001800FBF7A0F900220520D7
:1006F0000B49FAF7D5FFEBE7FBF77CF9B6E7C04605
:10070000548601105C4703206F48032075050110D3
:10071000783C0320FFFFFF7F39030110A022002057
:100720002903011000487047F07901100048704714
:100730009C79011010B5040017480378002B20D0D5
:10074000002C06D1154B16484380063BFF3B038027
:1007500010BD052C1DD8134BA400E05812490123ED
:10076000013804E001330A800231142B0DD0C25C41
:10077000002AF7D1C022DBB25B0092000848134385
:10078000E5E7112100F01AF8DAE7CA2304489B00D4
:10079000DDE70020DCE7C046D44703200904000061
:1007A000782D0320847901107A2D032010B502489A
:1007B00000F0D8F810BDC046603D032030B54B1E98
:1007C000012900D1A7E0664A11780D092C003034C8
:1007D0009F2900D9A2E00470012B00D1BEE00F21B7
:1007E000147821400C003034092900D998E0447075
:1007F000022B00D1B2E054782509290030319F2C1A
:1008000000D990E08170032B00D1A7E00F21214097
:100810000C003034092900D987E0C470042B00D1C2
:100820009CE094782509290030319F2C00D97FE085
:100830000171052B00D191E00F2121400C003034D3
:10084000092900D976E04471062B00D186E0D478DE
:100850002509290030319F2C00D96EE08171072BCA
:1008600000D17BE00F2121400C003034092966D8EB
:10087000C471082B00D171E01479250929003031A9
:100880009F2C5FD80172092B68D00F2121400C00EA
:100890003034092958D844720A2B5FD0547925097D
:1008A000290030319F2C52D881720B2B56D00F214A
:1008B00021400C00303409294BD8C4720C2B4DD088
:1008C00094792509290030319F2C00D90731017313
:1008D0000D2B43D00F2121400C003034092901D9C0
:1008E00037310C0044730E2B38D0D1790C0922001B
:1008F00030329F2900D9073282730F2B2ED00F225E
:100900000A4011003731092A01D830321100C17371
:10091000102B23D010300023037030BD07345AE76A
:1009200037310C0063E707316CE737310C0074E7AF
:1009300007317DE737310C0085E707318EE7373126
:100940000C0095E707319DE737310C00A3E707312D
:10095000AAE737310C00C4720C2BB1D1C018DAE70A
:10096000603D032010B588B004000D2200216846C8
:10097000FDF71EFD0D22002104A8FDF719FD4B23F4
:100980006A466846137004A90D2205F07DFE152104
:10099000082220006944FDF711FD08B010BDC046D3
:1009A000F8B500F047F90C23194DFF22AB6705207D
:1009B0001849FAF775FE184C402200212000FDF777
:1009C000F7FC4027002301262121144A6670278363
:1009D000A260136063545F31618445396354104AE7
:1009E00010496360E2602787A1620B606362E26284
:1009F00005F012FF80239B052E64EB6490230A4AC6
:100A00000120EA508022094B5202DA64F8BDC04648
:100A10000000115045070020F02D032084001050E5
:100A2000000110508000105010D001000020115023
:100A300010B501210520FAF7D1FD10BD10B5002237
:100A40000021024800F016F910BDC046102E032008
:100A5000044B1970002904D080219023024A890296
:100A6000D150704769480320002011500B785B0675
:100A700002D14B78052B00D070478A78014B1A6061
:100A8000FAE7C04600001150F0B5C646C87800B578
:100A90008007830F1800012B60D08F780A794B797B
:100AA0007F213940FC091B024E001343334D32199C
:100AB0005201AA18977001276740577000275B05FD
:100AC0005B0DD7701383D076B846CA00012C32D0A4
:100AD0002B4FBC468F016244BC46AC446746BA60AB
:100AE00047461760002932D0264AC9009046624620
:100AF000414451603F223F339343022837D022497B
:100B000037190A687F01D3180B602049EF19FA6082
:100B10008B422ED836197601AD19EB7E1C499B0607
:100B20004A4013438022120613436A68136001206F
:100B300080BCB846F0BD174FBC468F016244BC462E
:100B4000AC446746BA6247461760002908D10023C3
:100B500064012C196360104BE360E8E70020E7E7CD
:100B60000B4AC9009046624641445162C2E75B00AD
:100B7000C5E7FCF7A9F9FA68CCE7C046F02D0320D9
:100B80008400105004001050543C0320FF0F1050FC
:100B900000001050800010500001105010B505F0FA
:100BA0003BFE10BD10B57F200C0020404000E40942
:100BB000110000191A00034B4001C01800F05AF848
:100BC000012010BDF02D03207F23180000B5084040
:100BD00083B00B4204D14B424B41084A0133936628
:100BE0008022C9094000064B401840010021C0186E
:100BF000120105F009FE03B000BDC04600201150EF
:100C0000F02D03207F22130010B50B400A4200D1C3
:100C100010BDC9095B005B1804485B01C0180023C4
:100C200000220349C37005F0EFFDF1E7F02D03202A
:100C3000FFF7FFFF80220A4B520410B51A60094BE0
:100C400009491A6010000B689843FBD180220021EB
:100C500052010648FDF7ACFB0922054B5A6710BD4F
:100C600000E0004000F0004008C0004000001050CC
:100C700000001150002310B5C382013382828376B5
:100C80000161040005F088FD002804D08021902334
:100C9000074A8902D150200005F086FD002802D0C5
:100CA0000123237710BD200005F08EFDFAE7C04632
:100CB000002011507047C0467047C0460020704762
:100CC000002070477047C0467047C0467047C04616
:100CD0007047C046024B5878431E9841C0B27047D7
:100CE000EC270320024B18784007C00F7047C0461E
:100CF000EC270320F0B5D6464F464646C0B52F4BED
:100D000007009A461B780E00FF2B50D1002941D0D6
:100D1000002154222A48FDF74BFB0022294C2A4B84
:100D200020001A70FAF766FE284B1C60284C200041
:100D3000143CFAF76DFE200001F0FAFD254B264D1C
:100D40001C60264B002B04D02800FFF7C7FA244B69
:100D500018602449002489462149002388462A78BE
:100D600010E043461B6862019B18002B12D05B68A1
:100D7000002B0FD098472A780134E4B2511C23008D
:100D8000A14209DBA242ECD89B1A5B014B445B6891
:100D9000002BEFD100200BE05346310038001F70CC
:100DA000FFF7FEFD0028F5D03800FFF741FE0120D7
:100DB000E0BCBA46B146A846F0BDC046D4220020E9
:100DC000EC270320E42703206A480320402803205F
:100DD000CC2200204428032068480320DD020110B3
:100DE0003C260320AC7A0110F0B5DE4657464E464D
:100DF0004546E0B5C84B91B002931B78FF2B00D15C
:100E00003EE1C64BC64E9B465F46C64B0DAC0193BA
:100E1000C54B009335686A69EFF3108172B61368A9
:100E2000002BFCD0BFF35F8FA9612800210001F0E7
:100E3000AFFB6A69AB69BFF35F8F0021116083F379
:100E40001088002800D11BE16378082BE2D89B00B2
:100E5000FB589F466368002BDCD0A0689847D9E711
:100E60007F222179AF4D0A405300EB189846C809FC
:100E7000804440460123303005799D430571057952
:100E800003339D430571002A00D100E14346A74A80
:100E90001B7D1278934200D3EFE0A54A5B011568F1
:100EA000ED18002D00D1EBE0A36862792078AD69E0
:100EB000A847AFE79F4A1378002B00D1E0E01378F2
:100EC000013BDBB213701378002BA3D10122954DA7
:100ED00001212B78042013432B703423EA5C8A43CE
:100EE000EA54EA5C8243EA540133EA5C8A43EA54F6
:100EF000EA5C8243EA54237800209B4600F09EFC83
:100F0000602223791A40602A00D1EFE0402A00D104
:100F1000F5E0DB06DB0E012B00D113E1022B00D143
:100F2000C7E0002B00D0E1E0202A00D11CE2002A1B
:100F300000D0DBE06379092B00D9D7E07E4A9B0023
:100F4000D3589F46774D2B78DB0700D462E7FFF735
:100F5000BFFE5FE7019BDB78DB0700D45AE76068E0
:100F6000FFF7AAFE56E76F4D2B78DB0700D451E759
:100F700028780007C00FFFF7A9FE4BE723786A49DE
:100F800099468B46694B6A4998468A4639001A78D1
:100F900047460023B04600254E46894610E053469A
:100FA0001B686A019B18002B00D176E0DB683000DB
:100FB00098473A780135EDB2511C2B008D4244DC44
:100FC0009542ECD39B1A5B015B44EFE723785849C9
:100FD0009946564B8A4698463100BB464E461A788B
:100FE00000250023474689460FE053461B686A01E7
:100FF0009B18002B55D0DB68300098473A780135B4
:10100000EDB2511C2B008D4207DC9542EDD39B1AAB
:10101000009A5B0194466344EDE7019D5422002150
:101020002800FDF7C5F91022FF214448FDF7C0F95B
:1010300028002022FF2114304E465F46FDF7B8F904
:1010400000F0F2FBFFF740FEE4E6364D54220021AB
:101050002800FDF7ADF91022FF21281DFDF7A8F9A2
:1010600028002022FF21143046464F46FDF7A0F904
:1010700000F0DAFB2379AB70CCE6501C984213DA0F
:1010800011B0F0BCBB46B246A946A046F0BDA3686D
:101090006279207800F0E6FBBCE646464F46214DDB
:1010A000E6E74E465F46CBE71F4D9B1A5B015D1995
:1010B000FAE67023217A0B4218D1C80982460F3311
:1010C0000B405B0098461948EB1853441B7D007891
:1010D0009946834266D216485B010068814699446E
:1010E000002A00D15FE14B46002B68D12078002117
:1010F000FFF76AFD80212078FFF766FD8AE6104839
:1011000000F09CFB012158460EAAFFF7CDF80028FD
:1011100000D07FE6EAE7C046D4220020047A01101E
:1011200044280320EC270320AC7A011068480320F0
:101130003C2603206A480320287A0110F027032068
:10114000A9020110237A0F2BD0D8CF4AEB181B79B4
:101150001578AB423ED3691C9942C7DB5D1BCB4B74
:101160006D01ED18686900F069FB012158466B6953
:101170000EAA9847002800D04CE66022150023797B
:101180001D401A42B2D163790A3B012BAED800F060
:1011900055FB63790A2B00D199E158460EA900F05E
:1011A000D9FA37E6431C4B4500DAF7E04B461B1AE9
:1011B0005B019946B5488144002A00D1F3E04B46D3
:1011C000586900F03BFB4B46012158465B690EAA6B
:1011D00098479CE7AE4A5B011568ED18002DC1D118
:1011E00084E7A37999466B789945D6D06B78002B24
:1011F00000D033E14B466B70002B00D12BE1484609
:101200000138C0B2FFF792FA002800D17EE143789E
:101210000793022B00D079E10122C179B1468B11ED
:10122000491113400A40302112015B0113432A780F
:10123000A8468A4313432B7009239A468244564694
:10124000BA46C37882781B021343C31805938E4BAA
:1012500004938E4B08938E4B09938E4B0A93059BF8
:10126000B34200D855E1737801220B2B03D13378B8
:10127000F278F6187378042B00D044E1059B002720
:101280009B1B9BB20693049B0B921D780023039338
:101290001BE0099A7B011568ED18002D00D132E1A1
:1012A000310058462B69069A98478446082803D986
:1012B000069A824200D313E1049B01371D78FFB2E6
:1012C0006B1C03979F4200DD1DE1BD42E1D8039BEB
:1012D0005D1B089B6D019C466544E1E76B780CAA99
:1012E00002321370584601230EA900F049FA91E525
:1012F000E3881A0AD8B20F2A00D9F7E666499300A4
:10130000CB589F460EA800F09FFA5846A179FFF7E8
:1013100095FB02222B7813432B707BE5E388012B8E
:1013200000D0E3E608222B78584693430EA92B7091
:1013300000F010FA6EE5022029780CAB9A1C8B069F
:101340008908DB0F01400B431380584602230EA986
:1013500000F016FA5EE5E388012B00D0C6E608220D
:101360002B7813432B7018E7237A0F2B00D9BDE697
:10137000EB181D79444B1B789D4228D2444B6D01DC
:101380001B685D19002D00D1B0E6686900F056FABF
:10139000012158466B690EAA9847B8E6002A00D08A
:1013A000A4E6002399466279022013000392834346
:1013B000012B15D0002A00D098E62B00434453445B
:1013C00030331B790CAA9B07DB0F0232BCE75A1C97
:1013D000AA4200DA8AE6ED1A2C4B6D01ED18D4E72B
:1013E000E388002B12D1029B1878039B012B23D09A
:1013F000FFF7EAFB43460221EB18534430331A79D6
:101400000A4301211A711A790A431A714B46002BBB
:1014100000D1FFE4586900F011FA4B4601215B69E5
:101420000EAA58469847002000F008FA3523EB5CD6
:10143000DB0700D5EEE4B0E6FFF7E4FB434602210C
:10144000EB18534430331A798A431A711A79039985
:101450008A431A71DAE7FFF737FC9EE60021584607
:10146000FFF7F6FA5846FFF799FBAB780749039365
:101470000491054B064998461A78059100232900E6
:101480001D008A461BE0C04668480320AC7A011064
:101490003C26032000280320507A0110059B6A0196
:1014A0001B689B18002B4DD0DB6858469847434675
:1014B0001A780135EDB2511C2B008D422EDC95427D
:1014C000ECD39B1A049A5B0194466344ECE70CABA3
:1014D0009A1C584601230EA9157000F051F999E4A1
:1014E0000B9A012A4FD0002A3CD00023B07804E0A8
:1014F0000133DBB20F71934234D2C118C9B24144F7
:101500000D79FF2DF4D04E464546574600236B70AB
:10151000ECE54E465746FFF7D5FB3EE655465422CE
:1015200000212800FCF744FF1022FF21281DFCF7B2
:101530003FFF28002022FF211430FCF739FF039BD6
:10154000AB7057E65546FAE7FEF7AAFE021E00D139
:10155000CCE5D37891781B020B4358460EA900F0D6
:101560000FF9D4E565463B002A0031000A9800F0E7
:101570007FFEAC46049B039A1B786644013393427A
:1015800000DB6CE6BFE7174B29699942ADD1079A9A
:10159000ABE7FFF793FB021E00D1A7E5584613788F
:1015A0000EA900F0EDF8B2E52189FFF7C3F8021E9D
:1015B000F4D19BE5022A0FD0FFF782FB021EC8D1AF
:1015C00094E5FFF7AFF8021E00D18FE512235846CD
:1015D0000EA900F0D5F89AE5FFF7A8F8021EB8D1D9
:1015E00084E5C046391C0110F8B557464E46DE4624
:1015F00045460C00E0B516001F00002A3CD07023C1
:1016000098461E4B00259B461D4B9A461AE05B46AA
:101610001B78200099465346997800F0EBFD00288E
:101620001CD021004846FFF72FFA002816D0A378D7
:10163000DA09012A19D00A9A013513702378E418BF
:10164000B54219DA6378052B08D1E3789B079B0F25
:10165000BB4203D14246A3781A42D8D00020F0BC46
:10166000BB46B246A946A046F8BD0B9A0135137099
:101670002378E418B542E5DB0120F0E7D42200200E
:10168000EC270320702270B58B780C001A4201D031
:10169000002070BD064B20001D78064B997800F0A5
:1016A000A9FD0028F4D021002800FFF7EDF9F0E7AC
:1016B000D4220020EC2703200B007F2010B5184017
:1016C000DB0934334000044AC018044B1168C018C9
:1016D00000F04CFD10BDC04640280320EC2703203D
:1016E0000B007F2010B51840DB0934334000044A5A
:1016F000C018044B1168C01800F060FD10BDC04652
:1017000040280320EC27032070B57F240F480C40AD
:1017100064000419CD09641930342079C00701D55B
:10172000002070BD012625790948354300782571D0
:10173000FFF738FA0028F4D101222379934323716B
:101740002379033293432371EAE7C046EC27032051
:10175000D422002070B5094C0600082220000D009C
:10176000FCF72CFE00238021E360A3602B7830007F
:10177000994300220023FFF7C7FF70BDCC27032049
:10178000F8B5CE4647469046254E80B5814608229C
:1017900030000D001F00FCF711FE4346B36000232C
:1017A000F381EC79AB7924021C43231CBC4200D9A1
:1017B0003B1C9FB2B381002C0DD0002F17D04246A6
:1017C000002A2BD0402F1BD89FB233787F2B1CD8F8
:1017D0000021144A0FE080212B78002299434846CB
:1017E0000023FFF791FFC0BCB946B046F8BD7F2388
:1017F0000022317899433B004846FFF785FFF2E726
:1018000040239FB233787F2BE2D9064C3A00414601
:101810002000FCF7D3FD80212200ECE70020E2E766
:10182000CC2703208C27032010B514220021024866
:10183000FCF7BEFD10BDC046CC270320014B18614C
:101840007047C046CC27032010B5054C0100082284
:101850002000FCF7B3FD0023A360E36010BDC04689
:10186000CC27032070B5384C1D0023780600DA0918
:10187000C9098A4210D00020002D00D070BD21007F
:101880003000FFF7F3F82369002B03D02200032177
:10189000300098470120F1E77F2B06D8A068002888
:1018A00034D02A002949FCF789FDE289A168521940
:1018B000E38892B24919E281A160934214D03F2D8E
:1018C00012D9A389981A051C80B240282AD82078FA
:1018D000ADB27F2828D800219A4232D01B4A2B0073
:1018E0003000FFF711FFC9E72369002B05D0220064
:1018F00002213000984700280AD080212378002256
:10190000994330000023FFF7FFFEB7E70020B5E75B
:1019100000213000FFF758F930008021FFF754F91B
:101920000120ABE74025D2E79A4207D0074C2A00B6
:101930002000FCF743FD80212200D0E78021002217
:10194000CDE70022CBE7C046CC2703208C2703201D
:1019500070B50400FFF7BEF9002800D170BDFFF795
:10196000C1F90028FAD1C8236343124DEE18F1786B
:101970000029F3D010335D19280000F0F3FD3F2853
:10198000ECD90020F178FFF797FE0028E6D0280078
:1019900000F0E8FDF1783F2807D9074BE201D218A3
:1019A00000204023FFF7B0FED8E70020FFF798FEA5
:1019B000D4E7C046C42603204026032010B5040007
:1019C000FFF788F9002801D1002010BDFFF78AF940
:1019D0000028F9D1C8226243024B01309B181B79C1
:1019E0001840F2E7C4260320C82310B54343024839
:1019F000181800F099FD10BDD4260320F8B5C824AE
:101A0000802344431C4F103405003C195B029A426A
:101A100000D31A4A200092B200F008FE0600FFF739
:101A200059F9002801D13000F8BDFFF75BF9002813
:101A3000F9D1C8236B43FF18FB78002BF3D02000AB
:101A400000F090FD3F28EED90020F978FFF734FE32
:101A50000028E8D0200000F085FDF9783F2807D95C
:101A6000074BEA01D21800204023FFF74DFEDAE7CA
:101A70000020FFF735FED6E7C4260320FFFF000055
:101A800040260320F8B50400FFF724F9002801D10F
:101A90000020F8BDFFF726F90028F9D1C8256543D5
:101AA0002E00134F2436F619300000F03DFD0028BB
:101AB000EED07F190020B978FFF7FEFD0028E7D0AF
:101AC0000C4DE401651929004022300000F0AEFD04
:101AD000B978041E08D003002A000020FFF714FE86
:101AE0000028D5D02000D4E70020FFF7F9FDCFE78C
:101AF000C42603208026032070B5C82444430C4B21
:101B00000500E41880235B029A4200D3094A2000B2
:101B100092B200F051FE0600200000F005FD3F28C3
:101B200001D8300070BD2800FFF7ACFFF9E7C046D0
:101B3000E8260320FFFF0000C82310B543430248F6
:101B4000181800F00FFD10BDE8260320F0B50025A1
:101B5000184C83B0C82200212000FCF729FC164B4A
:101B600021001D70FF236371E1235B02A36020004D
:101B700008234022A37338310095073B103000F052
:101B80009DFC2700012321002000260040227831FF
:101B90000093B837243000F091FCC0363800F9F7D4
:101BA00029FF3000F9F726FFE561276226636563A8
:101BB00003B0F0BDC4260320C02603200A4A116BDF
:101BC000136A00290CD0002B07D00023D361536384
:101BD0001363002313620120704753631363FAE712
:101BE000002BF8D0D161F4E7C426032070B50F4C68
:101BF000052200212000FCF7DBFB0D4D2B78DA07D6
:101C000007D50C4C9B070CD50121200000F0B0FE3D
:101C100070BD2000103000F08BFE2B78054C9B0728
:101C2000F2D4200000F084FEEEE7C046C426032074
:101C3000C0260320E8260320F0B54B79060083B0C8
:101C4000022B02D18B79022B03D00025280003B090
:101C5000F0BD204FBB78002BF7D18B7809253B7066
:101C60000C780C196378242B07D00CE02378E41847
:101C70005D196378ADB2242B05D19542F6D90020C9
:101C8000FFF766FEE2E71A00052B15D0042AF6D10D
:101C900063790A2BF3D1104B27780193013300931A
:101CA00030000223E119023AFFF79EFC0028CCD055
:101CB0000E35ED19ADB2E2E721003000FFF7E2FC8E
:101CC0000028C2D0A3787B7023785D19E41862786D
:101CD000ADB2DBE7C4260320C6260320F8B5602397
:101CE00014001278050013400020202B07D1304A41
:101CF0006379277916781B023B439E4200D0F8BDDA
:101D00006378222B1AD007D8202B34D0212BF6D180
:101D100001293ED00120F2E7232BF0D1012940D048
:101D20000329F7D1234B002BF4D0E178A3780902E3
:101D30000020194300E000BF0120E0E7012930D076
:101D40000329E7D101252E00A378E4780239240283
:101D50001C431471264024321000714000F008FE2C
:101D6000154B002BD6D06208002031002A4000E03D
:101D700000BF0120C3E701290BD00329CAD10F4BB3
:101D8000002BC7D0083200201100FEF7ADFA012069
:101D9000B5E7072321002800094AFFF7F1FC0120DD
:101DA000ADE721002800FFF7D5FC0120A7E7C046DA
:101DB000C42603200000000000000000E90201101A
:101DC000CC260320F0B54F464646D646C0B5364D24
:101DD0008046EA780C001F008A423CD0AB788B42E8
:101DE00010D00020E0BCBA46B146A846F0BD2F4B4B
:101DF000002B04D02E4800F0ADFB002851D000206D
:101E0000FFF7A6FDAB78A34201D00120EAE7294BFA
:101E1000002B02D0002000E000BF0020FFF732FEC0
:101E20000028F2D1244C200000F07EFB0028ECD1E9
:101E3000002FEAD0BF06E8D1243C4046A178FFF746
:101E40003BFC0028E1D0002300224046A178FFF7A8
:101E50005BFC0120C6E79AB210239A46174EAA44AB
:101E60003100504600F0A8FC154B002BBFD06B7919
:101E7000FF2BBCD0002FBAD0F219914603E00136F7
:101E80004E45B4D06B7932789A42F8D1504600F082
:101E900061FB0028F3D15346103B597900E000BFA5
:101EA000EDE700E000BFAAE7C42603200000000021
:101EB000D426032000000000E8260320402603204B
:101EC000000000009322F0B5134C85B000212000E3
:101ED0009200FCF76DFA23002000802640270F4D6A
:101EE0004D337600FF332930029500930022002302
:101EF000002103970196FF3000F0D4F94035201DF2
:101F000028340023012200210397029501960094B2
:101F100000F0C8F905B0F0BD902903201029032076
:101F200010B5054C200000F0F3F920002538FF38EB
:101F300000F0EEF9012010BDB82A032070B5084C5E
:101F4000002520003130FF30257000F0F1FC20002A
:101F50000C3000F0EDFC2A23FF33E554657170BDB1
:101F600090290320F8B557464546DE464E46E0B573
:101F70004B7980460F00FF2B5BD1404B99462A23BB
:101F80004946FF33CB5C002B53D14E79002E50D104
:101F9000BB783C780B703B793C19002B46D09823DA
:101FA0005B004B449A460C234B449B46A51803E028
:101FB000AC423BD22378E4186378052BF8D1AC42CD
:101FC00034D221004046FFF75DFB002831D0A378D2
:101FD0000136F6B2DB09012B32D0504600F0A8FCE6
:101FE0002A234946A278FF33CA54637922791B0217
:101FF0001343234A5B0594465B0D942163445A4284
:1020000053414A4602204900525C5B00824313431D
:102010004A46535451464046083900F0E3F9002837
:1020200007D02378E4183B79B342C5D8E01B80B2CF
:1020300000E00020F0BCBB46B246A946A046F8BD71
:10204000584600F075FC5A46A3780C3A53716379F0
:1020500021791B020B430A495B058C465B0D6344E7
:1020600059424B41022011795B0081430B43594691
:1020700000200839137100F081F9D2E7902903207C
:1020800000FEFFFFF8B52A2506001F48FF35455D15
:102090001F008D4215D043798B4201D00020F8BD3E
:1020A0001A4B002B04D039040020090C00E000BFBB
:1020B000174C3000210000F061F900281DD00120EC
:1020C000EDE79A235B00C35A002B0DD1114B002B77
:1020D00004D000201049BAB200E000BF30000F4920
:1020E00000F080F90120DAE796235B00C158313017
:1020F000BAB2FF3000F060FBE8E73A0021003000A0
:1021000000F008F90120CAE7902903200000000030
:10211000942903200000000010290320B82A03207E
:1021200000B5030083B0002910D00020012B07D890
:102130000A78002A04D00C48C2540120012A01D098
:1021400003B000BD1800FEF7D5FDF9E701236A468C
:10215000002001A99380FEF7CDFD0028F0D00122D8
:10216000014B1A70ECE7C046E0270320037870B5F6
:10217000DB0704000E00DD0F002B17D103785B078F
:1021800001D5280070BD01213000494204F0ECFA6D
:102190002378DB07DD0F002B0AD123785B0708D4F7
:1021A0000422237801251343237002E00025E8E789
:1021B0000025300004F078FAE3E7C04670B50C0063
:1021C000012106004942200004F0CEFA33785B0773
:1021D000DD0F002B04DB200004F066FA280070BD40
:1021E0003378DB0704D40422337893433370F2E767
:1021F0000025F0E7437902791B021343C2785B059F
:1022000092075B0D920F022A1DD0032A0CD00020EA
:10221000012A08D102394A425141124A9446614486
:1022200099424041C0B2704702394A1E91410E4A5C
:10223000494211408022D2009446002061449942D4
:102240004041C0B2EFE7022905D0002040229A4267
:102250004041C0B2E7E7054A981843425841C0B22E
:10226000E1E7C046FF03000040FCFFFF00FEFFFF68
:102270008A1870B5914207D27F264C78052C04D07D
:102280000C7809198A42F8D870BD34008D782C403A
:1022900064000419ED0963550C7809198A42ECD8D9
:1022A000F2E7C046F0B5C64600B582B0150008AAF0
:1022B00040CA040017886A46928D012090460A00A1
:1022C0002178024081432000114321703A0000939D
:1022D00031000123083000F0F1F8002E01D0002F6A
:1022E00008D10A9B012063604346638002B080BC32
:1022F000B846F0BD26001C363000F9F77BFB002302
:10230000002D01D0330000266361A661E9E7C046D5
:1023100001207047F8B502240B7807001C40634287
:102320005C41144B64421C40134B08009C4608302F
:102330000D001600644400F0F7F8002807D1002EC5
:1023400005D0344203D101242B781C4201D0002057
:10235000F8BD38006978FFF7AFF90028F7D02B787F
:102360001C42F4D10023002238006978FFF7CCF931
:10237000EEE7C04640FEFFFFFF010000F8B50D008C
:102380000835060028000C0000F0CEF8002803D025
:10239000012723781F4201D00020F8BD300061786A
:1023A000FFF78AF90028F7D028006288616800F0FA
:1023B0003DF9237805001F4000280BD0002FEBD1FA
:1023C0000300626830006178FFF79EF90028E3D0CF
:1023D0002800E2E7002FDFD130006178FFF780F9B5
:1023E000DAE7C046F8B5CE46474680B58A8906008A
:1023F0000C000B78002A07D101251D4240D0002097
:10240000C0BCB946B046F8BD9B0733D42A4B402523
:10241000994627000837380000F0A4F88542EED826
:102420000122237890461A42E9D130006178FFF703
:1024300043F90028E3D0380000F094F842462378AE
:102440001A40854231D8002AD9D14A4663880240D1
:102450001D1C934200D9151CADB200226178002DDD
:1024600000D062682B003000FFF74EF90028C6D07C
:102470002800C5E7FE2380251B029946AD00C8E76A
:102480004978FFF719F90028B9D023781D42B6D151
:10249000638800226178002B00D062683000FFF76B
:1024A00033F90028ABD06088AAE7002AA7D1300012
:1024B0006178FFF715F9A2E7C0FF0000F0B5C64646
:1024C00000B504006846057E8020884617001E007F
:1024D0000002824226D8E068002803D00121494248
:1024E00004F042F92069002803D00121494204F098
:1024F0003BF94346236073045B0CED031D4300234B
:10250000E0686381A780E5802381002801D004F082
:10251000CBF82069002801D004F0C6F8012080BC67
:10252000B846F0BD0020FAE710B5048941898288D9
:10253000A3B288B28C4207D31B1A9BB2101C9A42DA
:1025400000D9181C80B210BD5100091A5B189BB24B
:10255000F4E7C04603894089181A43425841C0B283
:102560007047C04610B5048941898288A3B288B2F9
:102570008C4207D31B1A9BB200209A4201D9D21A6F
:1025800090B210BD5100091A5B189BB2F4E7C04627
:1025900070B5040000690E00002803D001214942F3
:1025A00004F0E2F825896089A288A9B283B2854245
:1025B00032D3CD1AADB2002D28D0AA4208D2914212
:1025C0002FD3891A8BB263819A4203D89B1A9BB28C
:1025D0009A42FBD9E28821685204520C53433000DE
:1025E000C918FBF7EBFE63890125591C89B2A28843
:1025F0008B420DD900215200891A89B2206961816C
:10260000002801D004F050F8280070BD618989B21B
:1026100052009142F2DBEFE75500ED1A4D19ADB2D1
:10262000C9E789188BB26381CEE7C046F0B546464C
:102630004F46D646C0B50600006989469046002838
:1026400003D00121494204F08FF831897289B5889D
:102650008BB294B2914254D31F1BBFB2002F4AD009
:10266000BD4205D2AB4251D25B199CB22F0074819E
:102670004346B8453DD89FB2A54203D8641BA4B2D7
:10268000A542FBD9F28831685204520C904662434D
:102690002B1B9BB2891842469F4225D953439BB2BC
:1026A0001A0048469A46FBF789FE434648467D1B7A
:1026B00064195C4331685044A2B2FBF77FFE718914
:1026C000B588CB199BB26A00994216D99B1A9BB266
:1026D00030697381002801D003F0E6FF3800E0BCC8
:1026E000BA46B146A846F0BD48467A43FBF766FEB7
:1026F000E5E73B1CBFE773899BB26A009342E7DBC7
:10270000E4E76F003F1BDF19BFB2A7E75B1B9CB27A
:10271000ACE7C046F8B50400C0680E00002803D03E
:102720000121494204F020F8258920896189A28885
:10273000ADB283B28FB2884229D3DB1B9BB29A42DF
:1027400009D8E779FF0906D1E068002801D003F035
:10275000ABFF3800F8BD2B0095421DD39B1A9BB2EE
:102760009342FBD2E28820685204520C534331005A
:10277000C018FBF723FE6B1C9BB2A2889D4217D9A1
:10278000002352009B1A9BB201272381DCE75100F2
:10279000C91B5B189BB2D2E7E28820685204520C36
:1027A00053433100C018FBF709FE0135A288ABB2D4
:1027B00052009342E8DBE5E7F0B54E465746DE4669
:1027C0004546E0B589460600170083B0002A67D069
:1027D000C068002803D00121494203F0C5FF3389B6
:1027E000F2799BB298467389B5889BB2D20940D1E1
:1027F00098455ED26A00D31A43449BB2AB425DD285
:10280000EB1A1A1C9BB2BB4200D93A1C97B27B1B35
:102810009BB20193F3885B045B0C9A464346DB1939
:102820009BB29B464446A84503D3641BA4B2AC426A
:10283000FBD25346634330682D1BADB2C018BD4276
:102840004BD3524649467A43FBF7B8FDB3885B0049
:10285000D84501D89B4503DB5A46D31A9BB29B4609
:102860005B463D003381F06800281AD003F01CFF5E
:1028700017E0F2885204520C9246AF4220D298459B
:102880004DD34246D21A92B26900781B80B2D21957
:1028900001908A4233DA4346FB189BB29B46C1E75C
:1028A0000025280003B0F0BCBB46B246A946A046AE
:1028B000F0BD4246D31A9BB2AB42A1D30025D2E76A
:1028C000002DD0D07F1B574398465A19002392B24F
:1028D000B94493462F000193A4E753465D43ADB23C
:1028E0002A004946FBF76AFD019B2900E21853467E
:1028F0005A43306892B24944FBF760FDA6E75A1983
:1029000092B29346D21B92B2904693420CD9434660
:10291000591A8BB29846FB189BB29B4682E7690016
:10292000CA1A424492B2B0E7914200DD7AE7EEE77C
:1029300010B50400C068002803D00121494203F00B
:1029400013FF2069002803D00121494203F00CFF46
:102950000023E06863812381002801D003F0A4FEF6
:102960002069002801D003F09FFE012010BDC04661
:1029700070B50400C0680D00002803D00121494251
:1029800003F0F2FE2069002803D00121494203F040
:10299000EBFE7F21E379ED011940E0682943E17105
:1029A000002801D003F080FE2069002801D003F048
:1029B0007BFE012070BDC04603BDC04610B50400BB
:1029C000FAF79CFAA04710BDF0B5C64600B5040062
:1029D00086B00F200E009046F8F712FE0021050089
:1029E0000F20F8F7FBFD0023002200920193012342
:1029F000029343460393D023049605946F46002424
:102A00000026012102201B06002C13D01A6D104253
:102A1000FCD05C6540BF1A6D114203D120BF1A6D16
:102A20001142FBD09A6DA24209D00026B200BC58D8
:102A3000EAE79A6D1A6D1142FBD140BFE6E7013615
:102A4000062EF3D129000F20F8F7C8FD06B080BC90
:102A5000B846F0BD0D4B0E4A70B5934210D31C0022
:102A60000C4A99180B4D0C4A92686051FF20C00027
:102A700023500A4B0A4823500A48FFF7A5FF70BDB0
:102A800001235B421C000849ECE7C0460008042013
:102A900000000420F407000000ED00E0BD29011053
:102AA000FC070000B9290110F307000001230268A8
:102AB00010B51A4205D14278002A04D14370012092
:102AC00010BD0020FCE7042000F0D2FD040000F05F
:102AD00025F82000014A024901F0B0FBED2A01105F
:102AE000107B0110012303607047C04610B504003D
:102AF000024B036000F0C0FF200010BD247B0110DA
:102B000010B50400044B036000F0B6FF2000042160
:102B1000FBF766FC200010BD247B0110014B036015
:102B20007047C046247B011010B50400024B0360BF
:102B300000F0E2FC200010BD6C7B011010B5040019
:102B4000044B036000F0D8FC20000C21FBF748FC8C
:102B5000200010BD6C7B0110F0B583B01E00089BF7
:102B600005000F00140093420AD0A868089A036871
:102B700000921D6A220033003900A84703B0F0BD5F
:102B8000310000F05FF80028EFD00620F6E7C046DD
:102B9000F0B50E0085B01900040017001D0000F00C
:102BA00051F8002814D10A9B0C9A93422AD0A068AD
:102BB0000D9A036803920C9A310002920B9A0192CB
:102BC0000A9A0092DC693A002B00A04705B0F0BDDC
:102BD0000D9B0A9A1F711A60002E0CDB93190C9A38
:102BE000D31A5A1E934104225B4293430D9A063333
:102BF00093710020EAE70236FBD101230D9A0020F1
:102C00009371E3E720000B9900F01CF80028CED068
:102C10000D9B00205F71D9E7F8B507000C00150087
:102C20001E0000F0A1FC002806D1B8682A00036845
:102C300021009F693300B847F8BDC0467047C046C1
:102C40000020704710B5814211D0406803782A2BCC
:102C50000BD049680B782A3B5A425341C91803F0FC
:102C600041F943425841C0B210BD0020FCE70120A9
:102C7000FAE7C04600B583B0042101A801F064FE64
:102C8000002802D1019803B000BD014801F03AFDCF
:102C9000686C011010B502F047FA10BDF0B54E4651
:102CA000DE4657464546E0B50500080097B01F00D0
:102CB000136802911B6911000392020010A8984743
:102CC0000222002100923D4B002210A802AE00F02B
:102CD0001DFA082292460AAB98460CAB0A93994615
:102CE00003688244040053454CD042460A938368EB
:102CF0009360424663683800536053462360002364
:102D00006360237202F0B6FB3B00009000220021BA
:102D1000404600F0FBF90822934606AB04939A461E
:102D200003688344040004AF5B4532D00493836896
:102D3000BB60636839007B605B462360002328002A
:102D40006360237201F09EFC0498504501D0FBF7AC
:102D500043FB0A98484501D0FBF73EFB109812ABA5
:102D6000984201D0FBF738FB154B28002B602B0055
:102D7000083306CE06C317B0F0BCBB46B246A94620
:102D8000A046F0BD4268514648460132FBF716FBAB
:102D9000AFE74268594650460132FBF70FFBC8E7E0
:102DA00003E005E0380000F0B9F8404600F0B6F85E
:102DB00010A800F0B3F800F00FFDC0468C6C0110B5
:102DC000647C011070B5050082B010200E0000F088
:102DD0004FFC040000F048FB3300020029002000F3
:102DE000FFF75CFF2000044A044901F027FA2000A5
:102DF00000F054FC00F0F0FC75330110E07B011092
:102E0000002330B583B003604360013B83604B68AF
:102E10000400072B13D00A2B23D10D680A222800A7
:102E2000144902F03FFA002814D1042101A801F04E
:102E30008BFD002819D1104B636003B030BD0F4BE0
:102E400008680722190002F02DFA002809D10C4B5E
:102E50006360F2E70A2228000A4902F023FA0028F8
:102E6000F5D016200849FFF7ADFF58200749FFF7B6
:102E7000A9FFC046906C0110752C01106C690110FF
:102E8000952C01109C6C0110A86C0110EC6C0110C9
:102E900070B54368060082B0002B03D000689847E5
:102EA00002B070BD042401AD22002900B06801F019
:102EB000EFFD002805DD241A2D18002CF4D101980F
:102EC000EEE7013004D102F0CFFA0368042BEBD017
:102ED00002F0CAFA01490068FFF774FF346D01106F
:102EE00010B580240B68E405A34210D2581C93420D
:102EF00007D95200934204D2A24205D32000054BC9
:102F00000B60FBF761FA10BD0A60501CF9E702483C
:102F100001F0E0FBFFFFFF3F546D0110030000686C
:102F2000083310B5984201D0FBF756FA10BDC046E1
:102F3000F0B54F464646DE46C0B51F0043680E005A
:102F4000891882B08946591A88460A9904008A1A53
:102F5000D21808239B460368834401929B453BD0CB
:102F60008268200001A9FFF7BBFF0500002E05D0F5
:102F70002168012E2DD03200FBF720FA002F09D056
:102F80000A9B002B06D0A819012B27D039000A9ADA
:102F9000FBF714FA4346002B0AD00A9B2168F0186D
:102FA000434628184944012B10D04246FBF706FA45
:102FB0002068834501D0FBF70FFA019B2560A360D1
:102FC00002B0E0BCBB46B146A846F0BD0B7803702A
:102FD000EEE70B780370D1E70F22C2E73B7803706E
:102FE000D8E7C04670B50600036882B00836040012
:102FF00001919E421FD08268019B934201D802B08A
:1030000070BD200001A9FFF76BFF636805005A1C23
:103010002068002B11D0002A05D1FBF7DDF9019BB8
:103020002560A360EBE701002800FBF7C7F92068E3
:103030008642F2D1F3E70F22DEE703782B70F6E742
:10304000F0B5C64600B5069F0E0090461C00079DD1
:10305000002F0BD0974253D8012F02D11B780B7051
:1030600004E03A001900300001F092FC002D4AD033
:10307000474548D04346F019F118012D02D10B788D
:10308000037002E02A0001F083FC47453BD9434628
:10309000F518E3199D420AD3012F02D1237833702A
:1030A00031E03A002100300001F072FC2BE0A54233
:1030B0000ED84346A41BE21AD219B118012F02D12F
:1030C0000B7833701FE03A003000FBF777F91AE015
:1030D0002D1B012D02D12378337004E02A0021003A
:1030E000300001F055FC7019F1197A1B012A02D148
:1030F0000B78037007E0002A05D0FBF75FF902E0C8
:10310000002DB7D1C3E780BCB846F0BDF0B5CE46C0
:10311000474680B51F0083B02E4B04000A9E4068CE
:10312000D31889461B1A9E4250D808218C46236822
:10313000B51AA4442D18634541D0A1688C46654555
:1031400033D849465918884649465118411ABB4256
:1031500020D900290BD0B24209D043469819130058
:103160004344012928D00A00190001F011FC002E67
:1031700006D0012E26D0320039004046FBF71EF95A
:1031800000222000236865605A5503B0C0BCB946D0
:10319000B046F0BD1B189F42DBD801913B00414671
:1031A00020000096FFF74CFFEAE73B00494620006D
:1031B0000096FFF7BDFEE3E71B780370D7E70F210A
:1031C0008C46BCE742463B781370D9E7024801F0D1
:1031D00081FAC046FFFFFF3F6C6D01100048704749
:1031E000886D0110136810B504000020994204D1C5
:1031F0005068001B43425841C0B210BD7047C046E2
:1032000000487047906D011010B5742A18DC572AD9
:103210000DDC4D2A11DC3B2A23DC242A1CDC0F2A7E
:1032200001DC0E2A09D8124B0260436007E014004B
:10323000104B583CE340DB07F5D40260416010BD01
:103240001400763C182CF8D80B4BE340DB07F4D580
:10325000074B02604360F2E713002D3B012BE2D9DC
:10326000EBE71400054B3C3CE340DB07E5D5DAE730
:10327000DC2200209D00BF1FBF07F1018F08020064
:103280007047C046026041607047C04610B54C6848
:103290000023844201D0180010BD0B689B1A5A42CB
:1032A0005341DBB2F7E7C0467047C0467047C0469F
:1032B000F0B5CE464746030080B5083385B00360BD
:1032C0000023040090463C259946436003720CE0BD
:1032D0003B78002B28D0380002F0CCF84A4623680F
:1032E00060601A546368002B18D129002000FFF792
:1032F00079FE4B4627682A00390040463B7002F0B1
:1033000071FD0028E7D02228E2D100204A46236838
:1033100060601A5463686D00002BE6D0200005B091
:10332000C0BCB946B046F0BD6A460B4B43CB43C266
:103330001B886946138038000D22FBF73FF80D20EB
:10334000CCE72000FFF7EAFD00F046FA00232268F0
:1033500063601370F5E7C046986D011010B5040066
:10336000FBF73AF8200010BD10B50400FBF734F865
:10337000200010BD10B50400024B036000F0D2FF26
:10338000200010BD647C011010B50400044B0360E4
:1033900000F0C8FF2000FBF71FF8200010BDC0465A
:1033A000647C011030B504000B6887B068461B6967
:1033B00098472000019A00996D4601F0EBF80098BB
:1033C00002AB984201D0FBF707F8200007B030BDF0
:1033D0002800FFF7A3FD00F0FFF9C04610B57429DF
:1033E00022DC572914DC4D2918DC3B292CDC24294C
:1033F00024DC0F2901DC0E2910D8174B546800205B
:103400009C4210D11068401A43425841C0B20AE0B1
:103410000C00124B583CE340DB07EED45468030029
:1034200000209C42EED010BD0C00763C182CF5D844
:103430000B4BE340DB07F1D5074BDFE70B002D3BE0
:10344000012BEBD8044BD9E70C00064B3C3CE34086
:10345000DB07E3D5004BD1E7DC2200209D00BF1F36
:10346000BF07F1018F08020000487047DC220020EE
:1034700010B5064C06492200064800F011F822005B
:103480000549064800F00CF810BDC046A4210020F4
:10349000A9320110DC220020AD320110D822002018
:1034A000030010B50800190002F060FD10BDC04611
:1034B000002370B51500102284B00093019303938C
:1034C00003686C469E6902926B462A68B0470623E1
:1034D000227900201340062B02D1009B01302B6083
:1034E00004B070BD009B05209A1A53425A415242C3
:1034F000104001307047C04610B50400024B036015
:10350000FFF79CFB200010BDF87C011010B50400F3
:10351000044B0360FFF792FB20000821FAF760FFDD
:10352000200010BDF87C011070B516001D00069A31
:10353000049B040093420ED029002000FFF782FB79
:10354000002806D0079B049A1E711A600123079A6F
:103550009371002070BD0599FFF774FB0028EBD034
:10356000079B5E71F5E7C04670B515001C00FFF7BC
:1035700069FB002804D00823E360023B2560237127
:1035800070BDC046F8B505000C0017001E00FFF71F
:1035900059FB002807D1032E05D823683A002900DB
:1035A00020005B699847F8BD70B51B4C083862680D
:1035B000002A22D006688519AA421ED8536822D054
:1035C0000434002B06D124E05968141D1A00002988
:1035D00009D00B009D42F7D81BD1536819685B686E
:1035E0007618536023681A689918884208D05B6877
:1035F000066043602368586001E04260606070BD0F
:1036000092191A60FBE712684360921902606060C9
:10361000F5E71300E7E7C04608260320020030B5AF
:103620000832083000D308220723104907324868BF
:103630009A430431002804D110E0011D406800289D
:103640000CD003689A42F8D80868036845689C1A49
:10365000072C04D803602B000B60083030BD8318A2
:103660005D6008681C600260F6E7C046082603201B
:1036700070B580300500FAF765FE041E07D0802281
:1036800000212000FAF794FE2000803070BD280051
:10369000FFF7C4FF041EF2D100F070FD074B803825
:1036A0009A68DB6810B5D318984201D2824202D3DF
:1036B000FAF766FE10BDFFF777FFFBE70826032049
:1036C000F0B5CE464746002580B53E4F89B03E480E
:1036D0007D60BD60FD6001F04FF9082302933B4B14
:1036E00002AE73600923F360394B04003361042395
:1036F000B5607361002842D0364D237828003A3BEC
:103700005A425341E4180F22210001F0CBFD00285A
:1037100002D1E37B2E2B16D020003A2101F0B2F823
:10372000041EEAD1079C402C27DCB368002B00D193
:1037300006333E335C43A400FC6023D109B0C0BC17
:10374000B946B046F0BDB046103443461B689946B2
:10375000002B07D043464A462100586801F0A2FDDD
:10376000002803D14B46E35C3D2B16D00C239C462E
:1037700008ABE0444345E8D1CEE74024D5E78824B0
:10378000E400FC602000FAF7DDFDB860002816D0E8
:103790000023786004604360D0E748460130201879
:1037A000002201A901F054FE019C23783A2B01D09C
:1037B000002BB1D10028AFDB43469860ACE7F8603E
:1037C000BCE7C04608260320A86D0110BC6D01109F
:1037D000C86D0110D46D01101EB400F093F81EBC2A
:1037E00002F0AAFFF0B5C64600B51E0003780C0033
:1037F00082B0472B1FD00020284D2B6801909B687A
:103800002800984701239846002804D0019B1B6894
:10381000019302239846236829001F692000012391
:1038200001AAB847002826D100239846404602B096
:1038300080BCB846F0BD43784E2BDCD18378552B45
:10384000D9D1C378432BD6D10379462B1BD0432B38
:10385000D1D143792B2BCED183792B2BCBD1C279EC
:10386000012AC8D8002301930300203B1D68012AC8
:1038700004D05830C1E7019B3360D7E72B00783B79
:1038800028001D68B9E743794F2BB4D18379522BB7
:10389000B1D1C079024D0028AFD0ACE7A07D0110B6
:1038A000747D011010B5040000F0FEF822002378AA
:1038B000203A472B05D08368002B20D1826001205D
:1038C00010BD63784E2BF6D1A378552BF3D1E37856
:1038D000432BF0D12379432BEDD163792B2BEAD104
:1038E000A3792B2BE7D1E379012BE4D8D3690133FA
:1038F000D361012BE3D1836893618260DFE700F03D
:103900003DFCC04610B500F0CFF8030080680028E9
:103910002DD02022825C472A03D000229A602030DA
:1039200010BD263A825C4E2AF7D12C3A825C552A89
:10393000F3D1323A825C432AEFD11F3A825C432AA8
:10394000EBD11E3A825C2B2AE7D1053A825C2B2A06
:10395000E3D1043A825C012ADFD8C269013AC2612C
:10396000002ADCD182699A6000238361D7E700F0E6
:1039700005FCC04670B5040000F096F822002378DC
:103980000568203A472B04D0002D2BD10260280077
:1039900070BD63784E2BF7D1A378552BF4D1E37823
:1039A000432BF1D12379432BEED163792B2BEBD130
:1039B000A3792B2BE8D1E379012BE5D85369002BB0
:1039C0000DDB013353614368013B4360954201D0F5
:1039D000156102602000656A02F0BEFED7E7012192
:1039E000CB1AEFE700F0CAFB10B500F059F80368F6
:1039F000002B09D020229A5C472A06D000222033CF
:103A00000260180002F078FE10BD263A9A5C4E2A39
:103A1000F4D12C3A9A5C552AF0D1323A9A5C432A76
:103A2000ECD11F3A9A5C432AE8D11E3A9A5C2B2AC1
:103A3000E4D1053A9A5C2B2AE0D1043A9A5C012A37
:103A4000DCD85A69002A06DB511E012A0AD04A1C1A
:103A50000FD05961D8E7511C0132FAD11A690260BE
:103A60005961D1E71A6920330260180002F044FE60
:103A7000CAE700F083FBC0467047C0467047C046A7
:103A800000487047E46D011000487047F46D011064
:103A900010B504000421FAF7A3FC200010BDC046B5
:103AA00000487047FC25032000487047FC25032090
:103AB000F0B5D64646464F468A46C0B50600502861
:103AC00024D00F2404400C2C00D96FE03848A40007
:103AD00000598746547810782402044390780004F3
:103AE0002043D47824060443101D002C08D07025F0
:103AF0003540102D00D1924676B25444002E0ADB98
:103B00001C60E0BCBA46B146A846F0BDD01C0322FA
:103B1000904310C8F4E72468F2E754781078240240
:103B20000443907800042043D47824060443100012
:103B30000830DAE75478107824020443901CD4E764
:103B4000547810782402044324042414901CCCE7F5
:103B50007F2115000024002788464046297801353A
:103B60000840B840044348B207370028F5DB280076
:103B70001F2FBAD84D06B8D50125BD406D422C4344
:103B8000B5E700218C467F31150000248846474662
:103B900061462878013507408F400721894640B2A9
:103BA0003C43CC440028F2DB28009EE701F094FC63
:103BB000BC7D0110030010B50800FF2B10D070224F
:103BC0001340302B13D004D8202B07D102F04CFD2A
:103BD00007E0402B06D102F0D7FD02E0202B04D8ED
:103BE000002010BD0020502BFBD001F075FC02F02E
:103BF0008BFDF6E7F8B505000E0014000020002D3F
:103C000002D0280002F0C0FD2060771C3678FF2E1D
:103C100028D160603B78781CFF2B32D01023002520
:103C200000217F2623753200037801301A408A4034
:103C30005BB215430731002BF5DB4519E560002227
:103C400000257F2603780130637531000378013049
:103C5000194091405BB20D430732002BF5DB45194B
:103C60002561F8BD29003000FFF7A4FF3A000100EC
:103C7000231D3000FFF71CFF07003B78781CFF2B4B
:103C8000CCD100252375D9E7F0B557464546DE4629
:103C90004E460023E0B597B003930C930333884658
:103CA00017000340012B00D1BAE0022B0ED13900DE
:103CB000404602F011FD002800D0AFE0082017B008
:103CC000F0BCBB46B246A946A046F0BD002B00D0D2
:103CD00047E208331C0004400342E8D110AB012541
:103CE0009A464346109353460C2200210093380015
:103CF000002302F0E9FC380002F09EFD0590002848
:103D0000D5D000235246139313615346039A2C4394
:103D10001A750599524638000494FFF76BFF139B00
:103D20003900069353461D69040002951B7D180057
:103D30000393FFF73FFF534698600FAB0F220790A6
:103D400000939B4600210023380002F045FD01222C
:103D50000F9B9343013B9946AC4244D253463900F2
:103D60005E7D109B524627007F254C469A46894629
:103D7000089200213000FFF71DFF3A0001000DAB53
:103D80003000FFF795FE002107003000FFF712FF1B
:103D90003A0001000EAB3000FFF78AFE0021070059
:103DA0003000FFF707FF3A0001005B463000FFF7E5
:103DB0007FFE002100222F00037801301F40974032
:103DC0005BB239430732002BF5DB0D9B5344A34212
:103DD00008D80E9A9B18A34200D982E0029B0700E4
:103DE0008342C6D84F46049BDB0771D500260025C9
:103DF0000C9B02935B460D220093002100233800A8
:103E000002F0EAFC42460F9B062013624346029AE8
:103E10009E625A62059A1D63DA6250E709204EE7F6
:103E200008231C0010AA92460440034201D0022538
:103E300057E70D6A0023009200210D22380002F09E
:103E4000CBFC109B9D42F2D14346109353460C226B
:103E5000009300210023380002F036FC43461D6B1E
:103E6000002D3BD09E6ADB6A05930FAB9B46002E6C
:103E700000DAB7E0032443460F935B46002200219B
:103E800000933800002302F01FFC5B460122002152
:103E90000093380000230F9602F016FC5B460F22B9
:103EA000002100933800002302F096FC01230F9AB2
:103EB000002113402B430F935B460F2200933800E1
:103EC000002302F001FC022C00D186E00720F6E678
:103ED0000823049A134201D000F050F9404600F044
:103EE00046FC089B4F469A460F9B002B00D1DEE60E
:103EF000524655685D19002900D104E1029B4C1E11
:103F00009C466444002D00D1D1E6049A0823110098
:103F100019400A91134200D103E142463F33137026
:103F20000733537007339370123BD370033313710D
:103F300009335371033393710023D3710023039A20
:103F4000994607331A405346BA46089209950B938F
:103F5000002600227F210B0020780134034093408B
:103F60001E4343B20732002BF5DB1F2A05D840065B
:103F700003D5012393405B421E432100002500220C
:103F80007F273B0008780131034093401D4343B233
:103F90000732002BF5DB1F2A54D8400652D50123E7
:103FA00093405B421D43002E7ED0049B022B12D017
:103FB000002E4EDC069BF7439C464346BF006744F9
:103FC0003968002B02D00A9B002B71D0002900D148
:103FD000BBE0002D29D06419BAE74046FFF762FC28
:103FE00007206CE6069B039A1393534605991A75AE
:103FF00038005246FFF7FEFD53463900187D139CEA
:10400000FFF7D8FDF3439B00E4182368002B05D08D
:10401000002301339A00A258002AFAD14246936243
:104020000423D0621363546324E74B465746099D2B
:10403000002B00D13BE6049BDB0700D537E60026CA
:10404000022418E7002E2CD0049B022BC1D0002E96
:10405000B0DD039BFF2B54D0089B022B47D04AD9DD
:10406000089B032B49D0042B7BD1069BF2009A1AA4
:1040700007995B460398FFF71BFD0F99002909D0AC
:104080004346002BA5D0002240460CABFFF7AAFB0D
:1040900000289ED0049B5746099DDB0700D4E9E623
:1040A000A6E60123994694E70123641999464FE750
:1040B0000C9B02930F9300293ED043465A46A046DC
:1040C000AB461C00150003E07968043700291DD0B9
:1040D0002B00002220007918FFF784FB0028F3D082
:1040E00022002B0044465D4690469B4671E7069BA6
:1040F00072009A1ABCE7002B33D1069BB2009A1AC1
:10410000B6E7069AB4E7002D95D1D0E50B9B57464C
:104110009A46049BAB46A046099DDB0700D4A6E661
:1041200066E64346DA795833012A01D00C9305E755
:10413000783B1B680C9301E70B9B57469A46049B00
:10414000099DDB0700D555E691E6049B5746099D7E
:10415000DB0700D54CE60324002E00D18BE600F0EF
:1041600019F801F0B9F9FFF705FCB5E610B580477D
:1041700001F0B2F9FFF7FEFB01F0AEF9024B10B50A
:104180001868FFF7F3FFC046E422002010B580470F
:10419000FFF7F4FF024B10B51868FFF7F7FFC046B2
:1041A000E0220020014B18687047C046E42200203E
:1041B000014B18687047C046E022002010B5012866
:1041C00012D80B00283B1A68501E1860012A00D034
:1041D00010BDDB6858310C00002B01D00800984757
:1041E0002000FFF75BFAF3E728394869FFF7BEFFC5
:1041F00070B505000026803DEA602E60A9600400CD
:10420000FFF7D6FF2861FFF7CDFF23004722583B79
:1042100068611A7007325A7007329A70220043237D
:10422000553A13705370183B9370D370024B513C46
:10423000280026702B6370BDBD41011070B50400CD
:104240000D001600FFF730FC4368320001332900EF
:1042500043602000FFF7CCFF0400012328340360F3
:10426000200002F0C9FA2000FFF784FBFFF786FF69
:1042700010B5FFF719FC4268046801324260002C57
:104280000CD02022A25C472A0AD0002202602034EF
:10429000200002F0A9FA2000FFF76CFBFFF76EFF89
:1042A000263AA25C4E2AF0D12C3AA25C552AECD1D7
:1042B000323AA25C432AE8D11F3AA25C432AE4D1F5
:1042C0001E3AA25C2B2AE0D1053AA25C2B2ADCD153
:1042D000043AA25C012AD8D8626952426261D6E7E8
:1042E0004068704710B50D4B82B00360436804000E
:1042F00018000B4A0C38904205D12000FFF7BCFB98
:10430000200002B010BD043B1A68511E1960002A3B
:10431000F3DC01A900F0B2F9EFE7C046547E0110CA
:104320001826032010B50D4B82B0036043680400CB
:1043300018000B4A0C38904205D12000FFF79CFB77
:10434000200002B010BD043B1A68511E1960002AFB
:10435000F3DC01A900F092F9EFE7C0467C7E011082
:104360001826032010B50E4B82B00360436804008A
:1043700018000C4A0C38904208D12000FFF77CFB53
:104380002000FAF729F8200002B010BD043B1A689B
:10439000511E1960002AF0DC01A900F06FF9ECE76A
:1043A0007C7E01101826032010B50D4B82B00360EF
:1043B0004368040018000B4A0C38904205D12000D5
:1043C000FFF75AFB200002B010BD043B1A68511ED3
:1043D0001960002AF3DC01A900F050F9EFE7C046AC
:1043E000547E01101826032010B50E4B82B00360D6
:1043F0004368040018000C4A0C38904208D1200091
:10440000FFF73AFB2000F9F7E7FF200002B010BDEC
:10441000043B1A68511E1960002AF0DC01A900F063
:104420002DF9ECE7547E01101826032010B50E4B31
:1044300082B003604368040018000C4A0C389042B4
:1044400008D12000FFF718FB2000F9F7C5FF200076
:1044500002B010BD043B1A68511E1960002AF0DC3E
:1044600001A900F00BF9ECE7547E01101826032097
:10447000F0B5C64600B51C4B82B004000D1E0360AB
:104480002ED0080000F0F6FF061E18D0002101AA69
:1044900000F0BAF80C23984607008044012E11D092
:1044A000320029004046F9F789FF104B9F420CD19A
:1044B00043462000636002B080BCB846F0BD0C4BA0
:1044C0009846F5E72B780373EFE700233E60BB6067
:1044D000BF193B73ECE72000FFF7CEFAFFF77CF93A
:1044E000044800F0DFF8C046547E0110182603206F
:1044F00024260320086E011010B50400FFF7B8FF52
:10450000014B2000236010BD687E0110F0B5C64647
:1045100000B51C4B82B004000D1E03602ED00800B5
:1045200000F0A8FF061E18D0002101AA00F06CF8C8
:104530000C23984607008044012E11D03200290038
:104540004046F9F73BFF104B9F420CD143462000F9
:10455000636002B080BCB846F0BD0C4B9846F5E7EE
:104560002B780373EFE700233E60BB60BF193B73FA
:10457000ECE72000FFF780FAFFF72EF9044800F07F
:1045800091F8C0467C7E01101826032024260320C3
:10459000086E0110F0B5C64600B505000E00140007
:1045A00082B0002A1ED0002925D00021200001AAB7
:1045B00000F02AF80C23984607008044012C0ED006
:1045C000220031004046F9F7F9FE0C4B9F420CD116
:1045D000434628002B6002B080BCB846F0BD33785B
:1045E0000373F2E7064B9846F2E700233C60BB609A
:1045F0003F193B73ECE7034800F054F818260320FA
:1046000024260320086E01101A4B10B504009842AE
:104610002CD8884214D94B00984219D3230020008B
:1046200080221D330D30520193420BD9A14209D291
:1046300094461B051B0D6444E41A0E4B9C4211D892
:1046400020000D30F9F7C0FE00234460836010BDE8
:104650001C002300200080221D330D3052019342A4
:10466000F0D9E3E71C0020000D30EBE7024800F032
:1046700031F8C046FCFFFF3F346E011010B5F9F76A
:10468000ABFE10BD064B10B506C9040008C0FFF70D
:1046900081FF200010BD2000FFF7EEF9FFF79CF826
:1046A0007C7E011070B505000820FEF7E1FF2900AF
:1046B0000400FFF7DDFE2000044A0549FFF7BEFDB8
:1046C0002000FEF7EBFFFFF787F8C046E542011038
:1046D000007E011070B505000820FEF7C9FF290013
:1046E0000400FFF709FF2000044A0549FFF7A6FD73
:1046F0002000FEF7D3FFFFF76FF8C046A943011073
:10470000207E011070B505000820FEF7B1FF2900DA
:104710000400FFF7FBFE2000044A0549FFF78EFD69
:104720002000FEF7BBFFFFF757F8C04625430110F6
:10473000407E0110027803000020472A16D15A78E3
:104740004E2A13D19A78552A10D1DA78432A0DD1FE
:104750001A79432A0AD15A792B2A07D19A792B2A16
:1047600004D1DB792A3A9A424041C0B2704710B571
:10477000041E0AD0FFF7FEF82000FFF7DBFF002839
:1047800003D0203CE068FFF7F1FCFFF7F7FC0000E6
:10479000F0B5DE464E4657464546E0B585B00600C4
:1047A000FFF7C8FF041E0BD03300203B9F68DC6876
:1047B000B36A00259946336B9846736B9A4604E0BA
:1047C000070001258246804681463000FFF7D2F877
:1047D000002D01D0FFF7DEFC3800FFF7D7FCFFF714
:1047E000C9F8002D01D0FFF7C9FCFFF759F92722BE
:1047F0000368995C1A007832012900D11A68029284
:10480000424692080027904620330193B9451EDDA9
:1048100043467B439B0053441E68002E00D0F6188D
:1048200000223100019802ABFEF7DCFF002801D026
:10483000FFF71EFD336803901B6930009B460E494D
:10484000012303AAD8470543EDB20137DEE7002D67
:1048500008D00420FEF70CFF084B094A0649036004
:10486000FFF7ECFC2000FFF781FCFFF7BDF8FFF736
:10487000BBF8FEF7B1FFC046487D0110B07D0110C6
:104880007D3A01100323CAB2F0B50340002A35D0A7
:104890000324002B2DD1FF230B401D02ED182B0408
:1048A000ED182C000168264E4C408B198B43A11942
:1048B000A143244E0B43334211D14168204F0C00D9
:1048C000CB196C408B43E119A1430B4304303342B5
:1048D000F3D00378002B05D09A4204D0013003783E
:1048E000002BF9D10020F0BD9342FCD001302042D2
:1048F000D1D00378002BF7D10020F4E7002B08D0AB
:10490000032202E00130104203D00378002BF9D1DA
:10491000E9E702680A4B0B49D31893430B4206D1CF
:104920004268074B0430D31893430B42F8D0037806
:10493000002BD8D043780130002BFBD1D3E7C04601
:10494000FFFEFEFE80808080030010B50A00034950
:104950000868190000F0C8FD10BDC046F826002008
:10496000030010B50A0003490868190001F068FA4D
:1049700010BDC046F826002000B5044B83B00100EE
:1049800001AA186801F05CFA03B000BDF826002007
:10499000F0B5C64600B5884212D98C1884420FD9AA
:1049A0008518032A58D8531E002A06D0DA43A418C3
:1049B000AD18E25CEA54013BFBD280BCB846F0BDC6
:1049C000032A0BD80500561E002AF6D00023CC5C23
:1049D0001A00EC5401339642F9D1EEE703250C009E
:1049E0002E00044303002640254232D10F2A4BD922
:1049F00010271500BC460C00103D2D092D01A846BE
:104A00004519AC4427681F6067685F60A7689F60AE
:104A1000E7681034DF601F001033BD42F2D10F236E
:104A20000C2410311340144065461A004144002CF8
:104A3000C9D08A59AA5104369A1B032AF9D80322ED
:104A40001A409B08013B9B0004310435C918ED183E
:104A5000B9E70500561EB9E72B0023439B0701D099
:104A6000531EA3E713000439071FCE58FE50043B22
:104A7000032BFAD80321131F9B089B00E41AED1A9D
:104A80000A40043C043D8EE713000500D1E7C04610
:104A900010B504001300034A10680A00210000F05A
:104AA00003F810BDF826002070B5040008001100BE
:104AB0001A000023054D2B60FBF732F9431C00D090
:104AC00070BD2B68002BFBD02360F9E7703200200B
:104AD000F0B5DE4657464E464546E0B50468B7B0E9
:104AE0001294446821911394846811001494C4684A
:104AF000026B159404691694446917948469189498
:104B0000C4691994046A1A94446A1B94846A1C94B4
:104B1000C46A1D94446B0F94846B10931E94C46BF1
:104B200025931F940024109B119222942392249089
:104B30003F2B00D8F1E1189A129F0A92149ABB46B3
:104B400006920A27179A1D9B139C1A9E9246984616
:104B5000039434001F9B0D970893199B0E37009305
:104B6000159BBC460B931C9B013709931E9BB946B2
:104B700001931B9B5E461F005346C346A0461198F7
:104B800020910F9D0100169A01980C931024B618DD
:104B90007140E1418844434604345A40E24163464F
:104BA000B6187140D9418A46D04443465A400293D0
:104BB00013004A46D3410E930C9B10229846039C47
:104BC000019144446540D5411421EF197B40CB410C
:104BD000E418039465406446E541A84604954C46B4
:104BE0000A9D4744A8467B40E341069C0597444400
:104BF0006040D0412700099CB84602195540CD417C
:104C0000A8444446069460406446E041824692448B
:104C100054460790654000984C468046E5410B9C01
:104C2000102244442700089CF6187C402000D04104
:104C300083445C4642466240CA416446BF1878409D
:104C4000E04183445C4670400439C84162404C46B0
:104C50008244E241544604316340CB41F61870402F
:104C600001006446E1415446884644440994634047
:104C70004C460398E34144191020089101990C9384
:104C80006140C1415846142340184540DD41641934
:104C90000394614064468346E1418B445C46654031
:104CA0002C004D46EC410A94069C0498A51810244B
:104CB0006840E04180460298444640444240DA4120
:104CC000AD186C400695250064468046E541A84431
:104CD000404642404846C24110240E9B0092079A2B
:104CE000D8194240E24192461A001423059F5744C6
:104CF0007A40DA41831850460B9358406346D841B6
:104D00004B463F187A40DA410D9B013B0D93002B37
:104D100000D03BE70C9B02959A464346D846B346E3
:104D20001D003B00129F039C5F440397139F2E00BE
:104D3000BC46149D6444AC46069F159D6744AC4632
:104D400004970B9F169D6744B946AC461700179D04
:104D50006744AC46189DE244AC460597199D0A9FEE
:104D600001906744AC46BB461A9D009F080067440B
:104D7000AC461B9D6644AC461C9D6344AC46069302
:104D80001D9D099B00976344AC46E044119F079327
:104D90004346BC4609930F9B60449C462099029D64
:104DA000019B1E9A654494461F9A63449446984614
:104DB000089B01376344019311977B427B410F9F0E
:104DC0000C71BC469C4462460F92039A130A170E5C
:104DD0000A704B70130C4A468B70230A4B71230CDC
:104DE000240ECC71049C8B71230A4B72230C8B72A2
:104DF000230ECB72130A4B73130C0A738B73130EAF
:104E0000059ACB73130A0A744B74130C120ECA74EE
:104E100052468B74130ACF700C720A754B75130CC3
:104E20008B75130E5A46CB75130A4B76009F130CE5
:104E30008B76130ECB763B0A4B773B0C8B773B0E76
:104E4000CB7720230A760F77320ACE540133CA5427
:104E5000320C0133CA54360E0133CE54069E013350
:104E6000CE54320A0133CA54320C0133CA542722B9
:104E7000330E8B542823079CCC54220A0133CA5486
:104E8000220C0133CA542B22230E8B542C23099C51
:104E9000CC54220A0133CA54220C0133CA542F22A3
:104EA000230E8B543023020AC8540133CA54020C17
:104EB0000133CA543322030E8B5434232A0ACD54AF
:104EC0000133CA542A0C0133CA54424601332D0E11
:104ED000CD540133CA54120A0133CA544246013335
:104EE000120CCA544246130E3B228B543C230198A9
:104EF000C854020A0133CA54020C0133CA543F2277
:104F0000030E8B54109B402B15D9109B4031403B16
:104F10001093109B3F2B00D90DE6012321980138F7
:104F2000C25C26AC013CE2540133052BF8D122913E
:104F300026A92191FFE5259B0D00591E8909239A79
:104F40004C1C89012498A2185B1A402B06D0229C85
:104F50000D9BE95CE1540133042BFAD10F9B0263F2
:104F6000436337B0F0BCBB46B246A946A046F0BD8D
:104F70004B780A781B0213438A7812041A43CB78C1
:104F80001B06134303614B790A791B0213438A7989
:104F900012041A43CB791B06134343614B7A0A7AF6
:104FA0001B0213438A7A12041A43CB7A1B0613435B
:104FB00083614B7B0A7B1B0213438A7B12041A43D7
:104FC000CB7B1B061343C3614B7C0A7C1B02134340
:104FD0008A7C12041A43CB7C1B06134303624B7D6D
:104FE0000A7D1B0213438A7D12041A43CB7D1B06E4
:104FF000134343624B7E0A7E1B0213438A7E1204D4
:105000001A43CB7E1B06134383624B7F0A7F1B022E
:1050100013438A7F12041A43CB7F1B061343C362D8
:10502000044B0360044B4360044B8360044BC36038
:105030007047C046657870616E642033322D6279A6
:105040007465206B002370B58CB00021282202A863
:105050000193F9F7ADF9282102A8FFF775FC01309B
:105060005AD02F4C2568002D47D0656880232E002C
:1050700040363200DB0031002800FFF729FD320006
:1050800002AB117818780133414011700CA901323C
:105090008B42F6D131002800FFF76AFF00232A6E09
:1050A0002B636B636B6EAA63EB63282200213000D5
:1050B000F9F77EF9F622236892001A6002A82821E7
:1050C00000F006FA0022236860681A60802200213E
:1050D000D2004030F9F76CF901AA1100042360688E
:1050E000FFF7F6FC802149038C46019B22681B03D5
:1050F0001B0B634453600CB070BD0A4E02A9300014
:10510000083026606060FFF733FF0B9B0A9AB56397
:10511000F56332647364D1E7092001F005F8A0E774
:10512000EC2D0020F42D002070B5264D82B02A68A9
:10513000002A21D05368042B1ED9042B00D204234B
:10514000043B53601268032A1BD98023DB009B1A9F
:105150006C6804224034E418210001A8F9F72EF904
:10516000042200212000F9F723F92A680198136826
:10517000043B136002B070BDFFF764FF2A685368F8
:10518000DBE76C688023260040363200DB0031000C
:105190002000FFF79DFC31002000FFF7E9FE00230F
:1051A000226E23636363636EA263E363282200219C
:1051B0003000F9F7FDF8F6222B6892001A602823D8
:1051C000C6E7C046EC2D0020F8B557464E4645468A
:1051D000DE46E0B5324E070032680D00002A02D0EC
:1051E0005368994259D3FFF72DFF326853689D42A7
:1051F00053D300235360002D49D08023DB00984611
:1052000000239946F6239B009A461FE040239B46C5
:1052100080237468DB00A3445A4659462000FFF7F8
:1052200057FC59462000FFF7A3FE4B46226E23632E
:105230006363636EA263E363282200215846F9F793
:10524000B7F8524633681A60002D20D033681B68C7
:10525000002BDBD01C00AB4200D92C007268414609
:1052600040329346CB1A9B44220059463800F9F746
:10527000A5F8220000215846F9F79AF832683F193C
:1052800013682D1B1B1B1360C0D0002DDED1F0BC9A
:10529000BB46B246A946A046F8BD5B1BAAE7C0467E
:1052A000EC2D002030B5032A0CD90B0003439B07DB
:1052B00019D104680B689C4215D1043A04300431BA
:1052C000032AF6D8551E002A0BD0002303E05A1CEF
:1052D0009D4206D01300C25CCC5CA242F7D0101BEA
:1052E00000E0002030BD551EEFE7C046F0B5574640
:1052F0004E464546DE468846E0B50C0092461E0006
:10530000082183B00190464823001D780134425D96
:105310001142F9D12D2D5ED0002293462B2D33D092
:10532000002E07D1302D62D00A23052199460A2686
:105330003C4F0DE0102E53D0012031004042F7F7D2
:105340002FFF0700012031004042B146F7F728FF48
:10535000002200202B00303B092B07D9113B192BD1
:1053600003D92B00613B192B11D80A339E420EDD65
:10537000551C06D0B84221D81ED04A4650430122BF
:10538000181825780134E5E725789C1CC8E7531CDC
:1053900017D05B46002B00D040425346002B04D070
:1053A000002A15D1534642461A6003B0F0BCBB46F2
:1053B000B246A946A046F0BD8B42DEDD0122524234
:1053C000DFE72223019910000B605346002BECD03D
:1053D000631E9846E6E725789C1C01239B469FE7C1
:1053E000302D0FD010230F2199460F4FB0E7202208
:1053F00023789343582B0AD00823072199460B4F53
:105400000836A5E7202223789343582BEAD11023AE
:1054100065780F2199461026034F023498E7C0465D
:10542000897E011099999919FFFFFF0FFFFFFF1F58
:1054300010B5FFF75BFF10BD10B504001300034A61
:1054400010680A002100FFF751FF10BDF826002068
:1054500010B504001300034A10680A002100FFF78A
:1054600045FF10BDF8260020014B18687047C04664
:10547000F826002010B583070AD00300032102E0BC
:1054800001330B4205D01A78002AF9D1181A10BD41
:10549000030019680C4A0D4C8A188A4322420FD126
:1054A0005968094A04338A188A43224208D1596844
:1054B000054A04338A188A432242F1D000E00133BE
:1054C0001A78002AFBD1E1E7FFFEFEFE8080808093
:1054D00010B501F049F810BD062010B500F024FE0B
:1054E0000120FAF7FBFBC046002370B5074D04000E
:1054F000080011002B60FAF725FC431C00D070BD9A
:105500002B68002BFBD02360F9E7C04670320020E7
:10551000F0B54E464546DE465746E0B50D000B3524
:10552000060085B0162D21D8102900D9D4E000F04E
:10553000D5FC102518230221CB4FFB181A005C68FC
:10554000083A944200D188E103226368A16893433A
:10555000E268CA6091600121E3185A6830000A438A
:105560005A6000F0BDFC20000830B8E007239D43DE
:1055700000D5B1E0A94200D9AEE000F0AFFCFC23B9
:105580005B009D4200D2DCE1690A00D1AEE0042953
:1055900000D99DE138239846A90988443931CB00C8
:1055A000082252429446B04FFB189C446346DC6884
:1055B000A44514D0032399460B0061469C4607E09E
:1055C000E068002A00DB42E1814200D143E10400AF
:1055D0004A46636893435A1B0F2AF1DD41463A005D
:1055E0003C690832944200D120E103206368834380
:1055F000581B0F2800DDA8E13A617A610028AADA79
:105600007A68904680229200934200D332E1DA0811
:10561000580901238340404618438046D300DB19D4
:105620009A687860E360A2609C60D46001208B106F
:105630009840404562D8434603420AD10323994328
:10564000434640000431034203D140000431034289
:10565000FBD00323B3469C460E00B8460190F000F1
:1056600040440100B246CB680BE064465A681F0014
:10567000A243DB68541B0F2C00DD35E1002C00DB5E
:105680004FE19942F1D101239946CA44534608316A
:105690009B07E8D1032205E003680838013E8342F6
:1056A00000D00DE23242F7D14346019A5B68934342
:1056B00042465360019A520001929A421CD8002A35
:1056C00006D119E004229146019ACA44520001927F
:1056D0001342F7D05646C2E70C233360002005B0D2
:1056E000F0BCBB46B246A946A046F0BD80233F228F
:1056F000402190469B0053E75E4647460322BC6824
:10570000636893439846AB4203D35A1B0F2A00DDCC
:105710008FE0230043440293544B08209A461B68B1
:1057200010335B19019300F027FF514903900B6878
:105730008B46013306D08446019B4242013B6344C1
:10574000134001933000019900F0C0F90300814635
:10575000013300D117E1029B834200D911E1534686
:105760005A68019B51469C4662444A6002980399DC
:105770000139484500D151E15B461B68013300D136
:1057800058E14B4602981B1A9B1852465360072358
:105790004A4648461A400292184200D110E1039846
:1057A000013384469B1A019A99444A440192634406
:1057B0000A409B1A194030008B4600F087F9431CC1
:1057C00000D152E14B46C01A03005B44019353469B
:1057D0005A6801205A445A604B464946BB60019BB7
:1057E00003434B60BC4213D043460F2B00D825E146
:1057F00007210C3B8B436168014005201943616020
:10580000E118486088600F2B00D939E14B465B688E
:105810005146C96A914201D25146CA625146096B4A
:10582000914201D251460A634C46AEE07B689846ED
:10583000FCE6012329001A43194365196160300011
:10584000BD606A6000F04CFB2000083047E7A268AA
:10585000D06082607FE66146C1E6DC680231A34227
:1058600000D1BCE670E6C046F02200203C320020A9
:10587000E82200205A0A042A7CD9142A00D9AFE071
:1058800010005B3082465C32D200082040428446E1
:10589000BA189444624692680B308146944500D110
:1058A00085E00800A2466146844602E09268914283
:1058B00004D04C465068A0439842F7D8D36861465C
:1058C00054469C466346A260E3609C60D460ADE6AB
:1058D000142966D9542900D98BE06E239846290BE8
:1058E00088446F31CB005BE6BA46012051468446BE
:1058F0004919054350464560856847466046EB6058
:105900005E469D605346396179612043083748609F
:10591000CF6030008F609C5000F0E2FA50460830B3
:10592000DDE6BA4601205E465244516801435160AB
:10593000BA683000D3609A6000F0D2FA38000830BC
:10594000CDE62B00E9080833F6E561198846012108
:105950008C460D434146656039617961CA608A6051
:10596000624602434A60E050300000F0B9FA20007D
:105970000830B4E69A091000393238308246D20035
:1059800083E7BC4240D0BC686368032293435A1B40
:10599000AB4202D30F2A00DD4BE7300000F0A0FA43
:1059A0009CE65B23984688445C31CB00F8E553467F
:1059B000981001238340404618438046786081E771
:1059C000019B039A4B440B40D31A194030008B467D
:1059D00000F07CF8431C00D0F4E600239B46F6E67A
:1059E000542A2DD81A0B10006F326E308246D20026
:1059F0004BE7AA235B0099422DD8DD3B9846E90B83
:105A000088447831CB00CBE553465A68019B9C46CD
:105A1000534662445A60039B591EADE6484608420D
:105A200000D0A9E6B9684344894601210B434946A1
:105A30004B60EDE65B464A461A60A8E64860ACE774
:105A4000AA204000824226D8DA0B10007832773044
:105A50008246D20019E71C4B994226D87C239846EF
:105A6000A90C88447D31CB009AE5019A029B9446AB
:105A70004A46083B63449B1A019300239B46A6E6D3
:105A800021003000083100F08DF853465A68BB6899
:105A900099465B68BCE60C4882420CD89A0C100010
:105AA0007D327C308246D200EFE6FE237E227F21CB
:105AB00090469B0074E5FE227E2092008246E4E63A
:105AC00043465B68F6E5C04654050000002370B508
:105AD000064C050008002360FAF702F9431C00D0C9
:105AE00070BD2368002BFBD02B60F9E770320020DB
:105AF000F0B5C646060000B508200D0000F03CFDDC
:105B00000400300000F0EAF9234B210098469B681E
:105B10005F6803239F4338001138401B0019F7F7D3
:105B20003FFB451E6543AC4208DC00213000FFF717
:105B3000CDFF43469B68DB19984206D0300000F049
:105B4000CFF9002080BCB846F0BD30006942FFF7B5
:105B5000BDFF01300ED0012243467F1B9B681743D7
:105B60000E4A5F60136830005B1B136000F0B8F9E9
:105B70000120E7E700213000FFF7A8FF43469A68BD
:105B8000831A0F2BDADD064C04492468001B0860D9
:105B900001210B435360D1E7F02200204032002066
:105BA000E8220020F0B5D6464F46464605000C00D8
:105BB000C0B5002948D000F091F92100012708392B
:105BC0004B6803209C46BB43CE18726882436046F4
:105BD000384080466A4891468468B44200D17CE0EF
:105BE0007260B41864683C40A2464446002C30D130
:105BF0000C68A446091B8C686344A4460824A0468C
:105C00008044C4455CD0CC68A04664464246E2600D
:105C100094605246002A1FD01F434F603360802299
:105C20009200934230D2DA085C090123A340446811
:105C300023434360D3001B189A68CB608A60996045
:105C4000D160280000F04CF9E0BCBA46B146A84645
:105C5000F0BD5246002A0FD101224B44CF18BC465A
:105C6000B468484F1A43BC425BD0F668E660B46043
:105C70004A6062461360D2E762463A434A60802235
:105C8000336092009342CED35C0A042C3FD89C0927
:105C9000260039343836E40004192268083C03270A
:105CA000944203D14EE09268944203D05068B843C6
:105CB0009842F8D8D468CC608A60A160D160C0E70F
:105CC0005246002A35D14B441A00B068F368174396
:105CD000C36098604F608A50B3E74B441A00434654
:105CE000002B06D10B68C91A8C68D218CB68E36008
:105CF0009C60012313434B60234B81601B689342DC
:105D00009FD8224B28001968FFF7F2FE99E7142C60
:105D100013D9542C1DD81C0B26006F346E36E400AA
:105D2000BAE7E160A1604A606246CC608C601360B3
:105D300087E71F434F60336083E726005C345B36A0
:105D4000E400A9E70123B610B3404668334343603B
:105D5000B1E7AA225200944205D8DC0B2600783421
:105D60007736E40098E70A4A944205D89C0C26004E
:105D70007D347C36E4008FE7FE247E26A4008BE78A
:105D8000F0220020F8220020EC2200203C320020EB
:105D90005405000070B5074C074D641BA41005D0D6
:105DA000013CA300EB589847002CF9D100F05AFCB5
:105DB00070BDC046A8680110A868011010B5034B5B
:105DC00001001868FFF7A4FB10BDC046F8260020AC
:105DD00010B5034B01001868FFF7E4FE10BDC04684
:105DE000F8260020F0B5002683B005000F00141E31
:105DF000019620D0114B29001868012201AB00F058
:105E00003FFA0500FFF736FBA0420DD2290038000B
:105E100000F0C0FB0198002801D003B0F0BD2B7842
:105E2000002BFAD11630F8E7013C22002900380097
:105E3000F8F7C4FA3E552220EFE7C046F8260020C6
:105E4000F0B5D64646464F46C0B582460E0090464F
:105E500000F012FA1C4B1D689946002D0AD03378C9
:105E60003400002B04D12DE063780134002B0AD0DC
:105E70003D2BF9D1504600F001FA0020E0BCBA46B3
:105E8000B146A846F0BDA41B28680028F2D0220025
:105E9000310000F07BF8002804D12B681F191B5D2E
:105EA0003D2B04D0686804350028F0D1E2E74B466A
:105EB00042461B685046EB1A9B10136000F0DEF957
:105EC000781CDBE70024DFE72028002000B583B042
:105ED00001AAFFF7B5FF03B000BDC0467047C0463A
:105EE0007047C046024670B50A4392072AD11E4D3C
:105EF000EE0104C808C9541B9443344017D0D0B2F3
:105F0000D9B2401A2106014310D190B299B2401A79
:105F1000210401430AD110021902000A090A401A99
:105F20002102014302D1100E190E401A70BD9A428F
:105F3000DFD010BA19BA884201D9012070BD002003
:105F4000C04370BD02780B7801300131002A09D0BE
:105F50009A4207D102780B7801300131002A01D032
:105F60009A42EFD0D01A70BD0101010110B51300A3
:105F70000A000100022000F015FB10BD10B5010061
:105F800000230022002000F00DFB10BD30B5002AD8
:105F900027D003000B439B0713D1032A11D9134DBC
:105FA0000BE0043A002A1CD0114C1C199C432C42D3
:105FB00017D104300431032A03D903680C68A342C3
:105FC000EFD00D78047801230139AC4207D00AE004
:105FD000002C06D0C45C0133CD5CAC4203D19A42A4
:105FE000F6D1002030BD601BFCE7C0468080808079
:105FF000FFFEFEFE70B58C256D0043590400002B9A
:1060000001D0002070BD8021FFF782FA6051002886
:1060100006D002000023803208C09042FCD1F0E795
:1060200001204042EEE7C046F8B505000C0016001E
:106030001F2909D88C277F00C359002B09D0A40041
:106040001B1918681E60F8BD16230360012040422A
:10605000F9E78021FFF75CFA002103000200E85114
:106060008030002BF2D002C28242FCD1E7E7C0466A
:1060700070B505000C001F2920D88C235B00C35885
:10608000002B0ED08A009B181A68002A09D0012A1A
:1060900005D0511C0ED0002120001960904700202F
:1060A00007E0280000F0CEFA22000100280000F0EE
:1060B000B5FA70BD162303600120FAE716230360CA
:1060C00001204042F5E7C04670B505000C001F29CD
:1060D00026D88C2676008359002B14D0A2009B185A
:1060E0001A68002A09D0511C0BD0012A07D00021C0
:1060F000200019609047002070BD0120FCE70320BC
:10610000FAE70220F8E78021FFF702FA031EA85100
:1061100006D000210200803002C28242FCD1DDE7BD
:1061200001204042E8E7C046154B70B504001D68E9
:106130001F281FD88C235B00EB58002B0DD082004A
:106140009B181A68002A08D0012A04D0511C0DD0CF
:10615000002119609047002007E0280000F072FA43
:1061600022000100280000F059FA70BD162301201A
:106170002B60FAE7162301202B604042F5E7C0466A
:10618000F8260020F8B5124B04000E001D681F28E9
:1061900009D88C277F00E859002809D0A4000419E9
:1061A00020682660F8BD16232B6001204042F9E7E5
:1061B00080212800FFF7ACF9010003000022E8511C
:1061C00080310028F1D004C39942FCD1E6E7C046F3
:1061D000F826002070B58C250C4B6D001C686359A7
:1061E000002B01D0002070BD80212000FFF790F926
:1061F0006051002806D002000023803208C090427F
:10620000FCD1EFE701204042EDE7C046F826002030
:10621000184B70B504001D681F2827D88C267600FF
:10622000AB59002B14D0A2009B181A68002A09D081
:10623000511C0BD0012A07D0002120001960904783
:10624000002070BD0120FCE70320FAE70220F8E7F8
:1062500080212800FFF75CF9031EA85106D0002119
:106260000200803002C29042FCD1DCE701204042B3
:10627000E7E7C046F82600207047C0467047C04692
:1062800070B50C0011008E2C03D8594AA500525944
:106290009746002B00D1A9E01A00200000F06AF90F
:1062A000002800D1A0E070BD5248FCE75248FAE750
:1062B0005248F8E75248F6E75248F4E75248F2E706
:1062C0005248F0E75248EEE75248ECE75248EAE716
:1062D0005248E8E75248E6E75248E4E75248E2E726
:1062E0005248E0E75248DEE75248DCE75248DAE736
:1062F0005248D8E75248D6E75248D4E75248D2E746
:106300005248D0E75248CEE75248CCE75248CAE755
:106310005248C8E75248C6E75248C4E75248C2E765
:106320005248C0E75248BEE75248BCE75248BAE775
:106330005248B8E75248B6E75248B4E75248B2E785
:106340005248B0E75248AEE75248ACE75248AAE795
:106350005248A8E75248A6E75248A4E75248A2E7A5
:106360005248A0E752489EE752489CE752489AE7B5
:10637000524898E7524896E7524894E7524892E7C5
:10638000524890E752488EE752488CE752488AE7D5
:10639000524888E7524886E7524884E7524882E7E5
:1063A000524880E752487EE752487CE752487AE7F5
:1063B000524878E7524876E7524874E7524872E705
:1063C000524870E752486EE752486CE752486AE715
:1063D000524868E7524866E7524864E7524862E725
:1063E000524860E752485EE752485CE7030053E7D3
:1063F0008C7F0110C0740110A8740110607401102A
:1064000078740110647001102474011098720110E6
:10641000207501102C6F0110F46E0110947401109E
:10642000F8740110F071011028710110FC6F011057
:10643000FC700110EC6F01103475011040700110F8
:10644000147201103C7401100C740110DC73011003
:10645000C4730110A47301108473011054730110EC
:1064600030730110F0730110D4740110187301100F
:10647000FC720110E8720110CC720110C0720110A0
:10648000AC72011088720110707201105C72011000
:10649000447201104C730110347201102C720110FF
:1064A00008720110DC710110C0710110AC71011093
:1064B0007C71011070710110607101104871011040
:1064C0003871011010710110EC700110DC700110B6
:1064D000C4700110A4700110847001102C700110A0
:1064E0001C700110DC6F0110CC6F0110B86F01102F
:1064F000AC6F0110946F0110886F0110746F011060
:10650000606F01104C6F0110206F0110106F0110AF
:10651000E06E0110CC6E0110B06E0110A46E01107F
:106520008C6E01107C6E0110606E0110546E0110B3
:106530004C6E0110AC69011010B5044B01001868D5
:1065400000220023FFF79CFE10BDC046F826002065
:1065500010B5044B0100186800220023FFF790FEDD
:1065600010BDC046F826002010B50A000021F7F73C
:106570001FFF10BD00207047802310B55B01082865
:1065800001D1180010BDFEF76FFF16230360173B03
:10659000F7E7C04603000A7801311A700133002A78
:1065A000F9D17047F0B5C6461A4C00B52568002DE4
:1065B0002AD06C681F2C2ADC002808D10020631C1C
:1065C0000234A4006B60615180BCB846F0BD8827DE
:1065D000A600AE19F2510137FF37BC460122AC4488
:1065E0006746A2403F68904617436246176084277B
:1065F0007F00F3510228E1D1280042468D30FF3060
:10660000036813430360D9E7034D2560D1E70120F8
:106610004042D9E744350020B4330020002370B550
:10662000074D0400080011002B60F9F775FB431CAF
:1066300000D070BD2B68002BFBD02360F9E7C0466B
:106640007032002010B5F9F765FB10BD034B10B593
:10665000002B02D00248FFF791FC10BD00000000A3
:10666000955D0110F8B5C04601B40248844601BCEE
:10667000604700BFB320002001B40248844601BC3B
:10668000604700BFF501002001B40248844601BC08
:10669000604700BF0105002001B40248844601BCE8
:1066A000604700BF0D01002001B40248844601BCD0
:1066B000604700BF2504002001B40248844601BCA5
:1066C000604700BF5D11002001B40248844601BC50
:1066D000604700BF5D15002001B40248844601BC3C
:1066E000604700BF6520002001B40248844601BC19
:1066F000604700BF3D02002001B40248844601BC4F
:10670000604700BFF114002001B40248844601BC78
:10671000604700BFAD20002001B40248844601BCA0
:10672000604700BF5D11002001B40248844601BCEF
:10673000604700BFB501002001B40248844601BC97
:10674000604700BF5D1C002001B40248844601BCC4
:10675000604700BFC102002001B40248844601BC6A
:10676000604700BFED14002001B40248844601BC1C
:10677000604700BF9903002001B40248844601BC71
:10678000604700BFC100002001B40248844601BC3C
:10679000604700BF8D20002001B40248844601BC40
:1067A000604700BF190E002001B40248844601BCB6
:1067B000604700BF410E002001B40248844601BC7E
:1067C000604700BF0103002001B40248844601BCB9
:1067D000604700BFD10E002001B40248844601BCCE
:1067E000604700BF0115002001B40248844601BC87
:1067F000604700BF8D1C002001B40248844601BCE4
:10680000604700BF2D1C002001B40248844601BC33
:10681000604700BF810E002001B40248844601BCDD
:10682000604700BF3D06002001B40248844601BC19
:10683000604700BF7D02002001B40248844601BCCD
:10684000604700BF9920002025CF001051CF0010D5
:1068500035D10010A1E30010FDD7001065E0001055
:106860005DD000106DCF00108DCF0010A1CF0010B3
:10687000A5B90010A9CF001071BD0010C5CE001041
:10688000B9B500104D660110AD070110FD020010F2
:106890008558001099930010E99F00101DA2001068
:0868A00071340110C136011032
:1068A8002373746172742073657475700D00000031
:1068B80023696E6974207069636F0D0023696E69BE
:1068C80074206779726F0D0023696E697420726194
:1068D80064696F0D0000000023696E6974206361AC
:1068E800726961766C650D0023696E697420636F47
:1068F8006E74726F6C0D000023696E697420707776
:106908006D0D000023506C656173652077616974B3
:106918002025645B735D0D00544F46205261773A21
:1069280020253475206D6D207C20436F727265635D
:106938007465643A2025342E3166206D6D0D0A0089
:10694800544F46205261773A204E410D0000000016
:10695800446576696365206E6F7420666F756E6432
:106968002021000064656661756C74005261773A95
:106978002025342E3066206D6D207C20436F727286
:1069880065637465643A2025342E3166206D6D2068
:106998007C204B616C6D616E3A2025342E31662067
:1069A8006D6D0D0A00000000235000002320000038
:1069B8002531322E34652000235100002352000077
:1069C80023526F6C6C2072617465205049442067B3
:1069D80061696E0023506974636820726174652070
:1069E800504944206761696E0000000023596177AF
:1069F800207261746520504944206761696E000007
:106A080023526F6C6C20616E676C6520504944207E
:106A18006761696E00000000235069746368206133
:106A28006E676C6520504944206761696E000000FC
:106A38002531302E326620002531322E3566000091
:106A4800234B703A25382E34662054693A25382E5F
:106A580034662054643A25382E3466204574613AE9
:106A680025382E346620683A25382E34660D0A00FB
:106A78005B546F465D20426F6F742074696D656F5B
:106A8800757400005B546F465D2053656E736F72BA
:106A9800496E6974206661696C65643A2025640AE8
:106AA800000000005B546F465D20436F6E666967A7
:106AB800757265206661696C65643A2025640A0010
:106AC8005B546F465D20537461727452616E6769DE
:106AD8006E67206661696C65643A2025640A000067
:106AE8000A2A2A2A2050414E4943202A2A2A0A00E3
:106AF8000A0000004E6F207370696E6C6F636B73D1
:106B08002061726520617661696C61626C65000064
:106B18004E6F2075736572204952517320617265FA
:106B280020617661696C61626C650000486172641D
:106B38007761726520616C61726D20256420616CDB
:106B4800726561647920636C61696D656400000039
:106B58004861726420617373657274004F757420A4
:106B68006F66206D656D6F727900000052656C6507
:106B780061736500626F6F74325F773235713038D8
:106B880030000000322E322E300000007069636F32
:106B9800000000007069636F5F636F707465720056
:106BA8004A756E202033203230323600666E692BEB
:106BB80000000000666E69006E616E00666E692DE9
:106BC8000000000055534220737464696E202F2022
:106BD8007374646F757400005261737062657272C9
:106BE80079205069000000005069636F00000000C0
:106BF800426F61726420434443000000526573652C
:106C080074000000556E68616E646C6564204952BA
:106C18005120307825780A006570202530325820B8
:106C280077617320616C726561647920617661694E
:106C38006C61626C6500000043616E277420636FAD
:106C48006E74696E75652078666572206F6E20694E
:106C58006E6163746976652065702025303258004E
:106C680072616E646F6D5F6465766963653A20670B
:106C78006574656E74726F7079206661696C65649D
:106C8800000000003A200000676574656E74726F3A
:106C9800707900006172633472616E646F6D000018
:106CA80072616E646F6D5F6465766963653A3A72A6
:106CB800616E646F6D5F64657669636528636F6E86
:106CC8007374207374643A3A737472696E67262910
:106CD8003A20756E737570706F7274656420746F86
:106CE8006B656E0072616E646F6D5F646576696373
:106CF800653A3A72616E646F6D5F64657669636563
:106D080028636F6E7374207374643A3A737472698B
:106D18006E6726293A20646576696365206E6F740C
:106D280020617661696C61626C65000072616E64F5
:106D38006F6D5F64657669636520636F756C642049
:106D48006E6F7420626520726561640062617369A8
:106D5800635F737472696E673A3A5F4D5F63726519
:106D68006174650062617369635F737472696E67E9
:106D78003A3A5F4D5F7265706C61636500000000B0
:106D880067656E657269630073797374656D000079
:106D9800556E6B6E6F776E206572726F72000000B1
:106DA800474C49424358585F54554E41424C45530D
:106DB800000000006F626A5F73697A650000000076
:106DC8006F626A5F636F756E74000000676C69625A
:106DD8006378782E65685F706F6F6C007374643ABF
:106DE8003A657863657074696F6E00007374643A0D
:106DF8003A6261645F657863657074696F6E0000FC
:106E080062617369635F737472696E673A3A5F535C
:106E18005F636F6E737472756374206E756C6C202B
:106E28006E6F742076616C6964000000626173693A
:106E3800635F737472696E673A3A5F535F63726532
:106E48006174650053756363657373004E6F7420D6
:106E58006F776E65720000004E6F2073756368204F
:106E680066696C65206F72206469726563746F72FD
:106E7800790000004E6F20737563682070726F632D
:106E880065737300496E74657272757074656420F9
:106E980073797374656D2063616C6C00492F4F20A2
:106EA8006572726F720000004E6F20737563682000
:106EB800646576696365206F7220616464726573C6
:106EC80073000000417267206C69737420746F6FDF
:106ED800206C6F6E670000004578656320666F72EE
:106EE8006D6174206572726F72000000536F636B7E
:106EF800657420616C726561647920636F6E6E657C
:106F080063746564000000004261642066696C6512
:106F1800206E756D626572004E6F206368696C64DF
:106F280072656E0044657374696E6174696F6E2072
:106F380061646472657373207265717569726564E2
:106F4800000000004E6F206D6F72652070726F63D5
:106F580065737365730000004E6F7420656E6F75FE
:106F68006768207370616365000000005065726D8A
:106F7800697373696F6E2064656E696564000000EB
:106F88004261642061646472657373004465766964
:106F98006365206F72207265736F75726365206216
:106FA8007573790046696C65206578697374730038
:106FB80043726F73732D646576696365206C696EBF
:106FC8006B0000004E6F20737563682064657669F6
:106FD800636500004E6F7420612064697265637494
:106FE8006F727900486F737420697320646F776ECD
:106FF80000000000436F6E6E656374696F6E2061F8
:107008006C726561647920696E2070726F67726551
:107018007373000049732061206469726563746F3B
:1070280072790000496E76616C69642061726775D7
:107038006D656E74000000004E6574776F726B208A
:10704800696E74657266616365206973206E6F741A
:1070580020636F6E6669677572656400436F6E6E54
:10706800656374696F6E2061626F72746564206213
:1070780079206E6574776F726B000000546F6F2013
:107088006D616E79206F70656E2066696C6573201E
:10709800696E2073797374656D00000046696C65CC
:1070A8002064657363726970746F722076616C75A1
:1070B8006520746F6F206C61726765004E6F742075
:1070C80061206368617261637465722064657669C2
:1070D80063650000546578742066696C6520627584
:1070E8007379000046696C6520746F6F206C61725B
:1070F80067650000486F737420697320756E726548
:1071080061636861626C65004E6F207370616365CE
:10711800206C656674206F6E20646576696365000F
:107128004E6F7420737570706F7274656400000020
:10713800496C6C6567616C207365656B00000000C5
:10714800526561642D6F6E6C792066696C65207379
:10715800797374656D000000546F6F206D616E79EE
:10716800206C696E6B73000042726F6B656E2070E5
:10717800697065004D617468656D61746963732039
:10718800617267756D656E74206F7574206F662007
:10719800646F6D61696E206F662066756E637469D1
:1071A8006F6E0000526573756C7420746F6F206C7D
:1071B80061726765000000004E6F206D6573736132
:1071C8006765206F662064657369726564207479E9
:1071D800706500004964656E74696669657220723D
:1071E800656D6F7665640000496C6C6567616C203D
:1071F800627974652073657175656E63650000005A
:10720800446561646C6F636B000000004E657477C1
:107218006F726B20697320756E7265616368616255
:107228006C6500004E6F206C6F636B004E6F7420AE
:10723800612073747265616D00000000537472659B
:10724800616D20696F63746C2074696D656F757406
:10725800000000004E6F2073747265616D207265C6
:10726800736F7572636573005669727475616C200B
:107278006369726375697420697320676F6E65004E
:1072880050726F746F636F6C206572726F7200005A
:10729800556E6B6E6F776E2070726F746F636F6C64
:1072A800000000004D756C7469686F70206174741B
:1072B800656D707465640000426164206D65737368
:1072C8006167650046756E6374696F6E206E6F74D2
:1072D80020696D706C656D656E74656400000000F2
:1072E8004469726563746F7279206E6F7420656D7E
:1072F8007074790046696C65206F722070617468DB
:10730800206E616D6520746F6F206C6F6E67000072
:10731800546F6F206D616E792073796D626F6C693F
:1073280063206C696E6B73004E6F206275666665CC
:107338007220737061636520617661696C61626C4B
:10734800650000004E6F20646174610041646472DE
:107358006573732066616D696C79206E6F74207334
:107368007570706F727465642062792070726F74C2
:107378006F636F6C2066616D696C790050726F7411
:107388006F636F6C2077726F6E67207479706520F9
:10739800666F7220736F636B65740000536F636B65
:1073A8006574206F7065726174696F6E206F6E20EE
:1073B8006E6F6E2D736F636B6574000050726F741F
:1073C8006F636F6C206E6F7420617661696C6162A7
:1073D8006C650000436F6E6E656374696F6E207232
:1073E8006566757365640000436F6E6E65637469E6
:1073F8006F6E20726573657420627920706565729E
:10740800000000004164647265737320616C7265EA
:1074180061647920696E2075736500004164647247
:10742800657373206E6F7420617661696C61626C3C
:1074380065000000536F667477617265206361753B
:1074480073656420636F6E6E656374696F6E206127
:10745800626F727400000000536F636B657420697B
:1074680073206E6F7420636F6E6E6563746564005D
:10747800536F636B657420697320616C7265616416
:107488007920636F6E6E6563746564004F70657212
:107498006174696F6E2063616E63656C656400007A
:1074A8005374617465206E6F74207265636F7665BE
:1074B8007261626C6500000050726576696F757361
:1074C800206F776E65722064696564004F7065721D
:1074D8006174696F6E206E6F7420737570706F724F
:1074E800746564206F6E20736F636B6574000000B1
:1074F80056616C756520746F6F206C6172676520CA
:10750800666F7220646566696E6564206461746183
:1075180020747970650000004D657373616765209C
:10752800746F6F206C6F6E6700000000436F6E6EA3
:10753800656374696F6E2074696D6564206F757416
:1075480000000000CA6B0010B06B0010906A0010B9
:10755800D26A0010066B0010E86B0010906A0010E9
:10756800B86A0010186C0010026C0010906A0010C5
:10757800546B00103A6B0010EC6A0010206B00107E
:10758800906A0010966B0010906A00109E6A0010B6
:107598007C6B0010666B0010E06B00109683001087
:1075A80032830010A081001010820010DE820010CB
:1075B800C075011004FF000021622311001442A4C9
:1075C800FFFFFF05020401070300FFFF090DFFFF8E
:1075D800FFFF0A06FFFF0B0C000000010200020873
:1075E800000810010100000000FF000F000000006B
:1075F80000200B0000020A2100000500000000C85E
:10760800000038FF010008000001CC0F01F10D0156
:1076180068008008B8000000000F89000000000022
:107628000000010F0D0E0E000002C7FF9B000000B6
:107638000100000000000000FFFFFFFFFFFFFF7FC9
:1076480006005250D3F07542746B01100600525078
:10765800E182887F7C6B011006005250ABB3605307
:107668008C6B011006005250BBFF3CB6946B0110A6
:1076780006005250861C03029C6B011006005250F3
:107688005422A29DA86B011005005250DE65F468D3
:10769800CCAD011080F1001030F1001030F1001075
:1076A80078F1001030F1001030F1001030F10010C6
:1076B80030F1001030F1001030F1001030F10010FE
:1076C80070F1001030F1001068F1001030F1001076
:1076D80030F1001060F10010A0F3001096F10010D6
:1076E80090F3001096F100107AF3001096F1001054
:1076F80096F1001096F1001096F1001096F1001026
:1077080096F1001096F1001088F1001096F1001023
:1077180096F1001096F1001096F1001096F1001005
:1077280088F100103EF40010EAF00010EAF00010B2
:10773800EAF00010EAF00010EAF00010EAF0001099
:10774800EAF00010EAF00010EAF00010EAF0001089
:10775800EAF00010EAF00010EAF00010EAF0001079
:10776800EAF00010EAF00010EAF00010EAF0001069
:10777800EAF00010EAF00010EAF00010EAF0001059
:10778800EAF00010EAF00010EAF00010EAF0001049
:10779800EAF00010EAF00010EAF00010EAF0001039
:1077A800EAF00010B4F300100CF40010B4F3001069
:1077B800EAF00010EAF00010EAF00010EAF0001019
:1077C800EAF00010EAF00010EAF00010EAF0001009
:1077D800EAF00010EAF00010EAF00010EAF00010F9
:1077E800EAF00010EAF00010EAF00010EAF00010E9
:1077F8004EF60010EAF00010EAF00010EAF000106F
:10780800EAF00010EAF00010EAF00010EAF00010C8
:10781800EAF00010EAF000104EF6001050F40010E4
:107828004EF60010B4F300100CF40010B4F300107E
:10783800000000000000F03F0000000000002440AD
:1078480000000000000059400000000000408F4088
:10785800000000000088C34000000000006AF840F3
:107868000000000080842E4100000000D012634117
:107878000000000084D797410000000065CDCD418D
:107888000D0A0000000000001102011000000000B5
:1078980015020110210201104D02011049020110C8
:1078A800000000000A00000000000306A60008000F
:1078B800020002009C001400030057494E55534231
:1078C800000000000000000000008000040001002B
:1078D80028004400650076006900630065004900DF
:1078E8006E00740065007200660061006300650048
:1078F800470055004900440000004E007B0062002C
:1079080063003700330039003800630031002D0070
:1079180037003300630064002D0034006300620008
:1079280037002D0039003800620038002D0039007A
:1079380031003300610038006600630061003700E1
:107948006200660036007D0000000000050F21007F
:10795800011C100500DF60DDD88945C74C9CD26545
:107968009D9E648A9F00000306A600010000000097
:107978000600525053B4F4A1CC6B01100000000073
:10798800E06B0110F06B0110D4470320F86B011075
:10799800046C011009025400030100807D080B00EB
:1079A800020202000009040000010202000405248A
:1079B8000020010524010001042402060524060014
:1079C800010705810308001009040100020A0000EC
:1079D8000007050202400000070582024000000976
:1079E80004020000FF00010512011002EF0201402D
:1079F8008A2E0A000001010203010000140E011082
:107A08007C0F0110CC0F0110540F0110660F0110EC
:107A1800440F0110B40E0110600E0110540E011035
:107A2800361301101C130110EC100110561301102D
:107A3800EC10011004130110F0120110EC100110E9
:107A4800DC120110E2110110EC100110C215011036
:107A5800B4150110A8150110EC100110EC1001105C
:107A680092150110B4150110EC100110EC10011062
:107A7800EC100110EC100110EC100110EC100110CA
:107A8800EC100110481501109E0F00209E0F0020D9
:107A9800E80F0020081000204C1000205E10002085
:107AA800940F0020000000004D1B0110BD1B0110A9
:107AB800ED1B0110391C0110DD1C0110C51D011042
:107AC8000000000000000000C51E0110211F011069
:107AD8003D1F0110651F0110A9020110852001102A
:107AE800000000004E395F5F676E755F637878321B
:107AF800307265637572736976655F696E69745F04
:107B08006572726F724500006C7B0110EC7A01108F
:107B18002C7D011000000000107B0110ED2A0110DF
:107B2800012B0110813A01104E31305F5F63787884
:107B3800616269763132305F5F73695F636C61736C
:107B4800735F747970655F696E666F450000000049
:107B58006C7B0110307B0110E47C011000000000F8
:107B6800587B0110292B01103D2B0110412C0110CD
:107B7800412C011085350110B1340110192C011068
:107B8800912B0110592B0110537439747970655F6A
:107B9800696E666F00000000F87C0110907B011090
:107BA8004E5374335F563231346572726F725F634D
:107BB800617465676F72794500000000F87C0110F8
:107BC800A87B01105374313273797374656D5F65E6
:107BD80072726F72000000006C7B0110CC7B011088
:107BE800407E01106C7B0110F87B0110C47B0110F2
:107BF8002A4E31325F474C4F42414C5F5F4E5F31F6
:107C0800323267656E657269635F6572726F725F43
:107C180063617465676F7279450000006C7B0110C1
:107C2800307C0110C47B01102A4E31325F474C4F23
:107C380042414C5F5F4E5F31323173797374656DC9
:107C48005F6572726F725F63617465676F727945A1
:107C58000000000000000000E07B011075330110F7
:107C680089330110E142011000000000EC7B011093
:107C7800FD3101105D330110DD310110A533011014
:107C8800B132011085320110E53101108D32011039
:107C980000000000247C01108132011069330110BA
:107CA80001320110A5330110B1320110093201105F
:107CB800DD3301108D3201104E31305F5F6378780B
:107CC800616269763131375F5F636C6173735F74CA
:107CD8007970655F696E666F450000006C7B011006
:107CE800C07C0110A07B011000000000E47C0110A2
:107CF800F93401100D350110412C0110412C0110EF
:107D080085350110B134011069350110293501108C
:107D1800E5340110537439657863657074696F6E62
:107D280000000000F87C01101C7D011053743133F1
:107D38006261645F657863657074696F6E000000E6
:107D48006C7B0110347D01102C7D01104E31305FA9
:107D58005F637878616269763131355F5F666F722B
:107D68006365645F756E77696E644500F87C011021
:107D7800547D01104E31305F5F63787861626976B7
:107D88003131395F5F666F726569676E5F65786309
:107D9800657074696F6E4500F87C01107C7D011078
:107DA80000000000487D01107D3A0110913A011051
:107DB800893A0110D43A0110823B0110343B01107A
:107DC800D43A01101A3B0110AC3B0110AC3B011036
:107DD800AC3B0110AC3B0110503B0110403B011083
:107DE800D43A01101A3B0110537431316C6F676932
:107DF800635F6572726F72006C7B0110F07D011019
:107E08002C7D0110537431326C656E6774685F6540
:107E180072726F72000000006C7B01100C7E011002
:107E2800007E01105374313372756E74696D655F2D
:107E38006572726F720000006C7B01102C7E01105D
:107E48002C7D011000000000007E0110E5420110A9
:107E5800E9430110E142011000000000207E0110FA
:107E6800A94301102D440110E14201100000000057
:107E7800407E01102543011065430110E1420110C5
:107E880000202020202020202020282828282820E2
:107E980020202020202020202020202020202020DA
:107EA8002088101010101010101010101010101042
:107EB8001004040404040404040404101010101032
:107EC80010104141414141410101010101010101FC
:107ED800010101010101010101010101101010104E
:107EE80010104242424242420202020202020202CE
:107EF8000202020202020202020202021010101022
:107F08002000000000000000000000000000000049
:107F18000000000000000000000000000000000059
:107F28000000000000000000000000000000000049
:107F38000000000000000000000000000000000039
:107F48000000000000000000000000000000000029
:107F58000000000000000000000000000000000019
:107F68000000000000000000000000000000000009
:107F780000000000000000000000000000000000F9
:107F880000000000E4630110E0630110DC630110ED
:107F9800D8630110D4630110D0630110CC630110C1
:107FA800C8630110C4630110C0630110BC630110F1
:107FB800B8630110B4630110B0630110AC63011021
:107FC80092620110A8630110A4630110A06301105C
:107FD8009C63011098630110946301109063011071
:107FE8008C630110886301108463011080630110A1
:107FF8007C630110786301107463011070630110D1
:108008006C63011068630110646301106063011000
:108018005C630110586301109262011092620110B2
:108028009262011092620110926201109262011034
:1080380092620110926201105463011050630110A2
:108048009262011092620110926201109262011014
:108058009262011092620110926201109262011004
:1080680092620110926201109262011092620110F4
:10807800926201104C6301104863011044630110BF
:108088004063011092620110926201109262011025
:108098003C63011092620110926201109262011019
:1080A800386301109262011092620110346301106A
:1080B8009262011092620110306301109262011005
:1080C8009262011092620110926201109262011094
:1080D8009262011092620110926201109262011084
:1080E800926201102C630110926201102863011042
:1080F8002463011020630110926201109262011042
:108108001C630110926201109262011092620110C8
:108118009262011092620110926201109262011043
:1081280092620110186301101463011010630110AA
:108138000C630110086301100463011092620110BE
:1081480000630110FC620110F8620110F462011072
:10815800F0620110EC620110E8620110E4620110A3
:10816800E0620110CC620110C8620110C462011003
:10817800C062011092620110BC620110B862011065
:10818800B4620110B0620110926201109262011093
:10819800926201109262011092620110DC62011079
:1081A800926201109262011092620110D86201106D
:1081B800D4620110D0620110AC620110A8620110F3
:1081C800C1BAFF7FF0801601B0B0B0ABFFFF011954
:1081D8002202000032048602007604840200A8010C
:1081E800048802009A0204000000000095BAFF7F8C
:1081F800B0AA0100FFFF01081C042A00260E000097
:1082080080010181B0B0ABB00000000080020181A4
:10821800B0B0AB300000000069BAFF7F30800401C5
:10822800B0B0B0ABFFFF010F3E049201004E049CBA
:10823800010098010400000049BAFF7FB0A90600B8
:10824800FFFF010C0C02000016042C003204000091
:1082580080010181B0B0AB100000000025BAFF7F9B
:10826800B0B0AA00FFFF010019BAFF7FF080160125
:10827800B0B0B0ABFF101901102AAA080000D60947
:1082880004DE0901DA090400000100000000000012
:10829800F1B9FF7FB0B0A800FF100D010402060875
:1082A8000101000000000000D9B9FF7F1080010122
:1082B800B0B0B0ABFFFF010C200466006C040000F6
:1082C80072046600BDB9FF7F10800101B0B0B0AB89
:1082D800FFFF010C200466006C04000072046600B5
:1082E80080010181B0B0AB100000000095B9FF7F9C
:1082F800B0B0A800FFFF01080A041200180400002B
:1083080081B9FF7FB0B0AA00FFFF01080E041C006E
:10831800180E00006DB9FF7FB0B0AA00FFFF01087A
:108328000E041C00180E000059B9FF7FB0B0AA0057
:10833800FFFF01080E041C00180E000045B9FF7F5E
:10834800F0800401B0B0B0ABFF1019010F440A4E21
:108358000198013CDA0100E201040000010000007C
:108368000000000076B20181B0ABF0800000000090
:108378000FB20181B0AB108000000000800A0181BB
:10838800B0B0ABF0000000003F010181B0AB7080DD
:108398000000000080040181B0B0ABF000000000D4
:1083A80004A7FF7FB0B0A88034A7FF7F01000000BA
:1083B800A0A7FF7FB0AB0280D0A7FF7FB0AB04803F
:1083C80050A8FF7FAB08B1806CA8FF7F01000000B8
:1083D8009CA8FF7F00840280B4A8FF7FB0B0A8806B
:1083E800B4A8FF7FDCFDFF7FD4A9FF7F00FEFF7FDD
:1083F80008AAFF7FB0A9028090AAFF7FB0AA0180D7
:10840800D8AAFF7FB0B0A8800CABFF7F01000000A6
:1084180018ABFF7FECFDFF7FC4ABFF7FB0AA0180E4
:1084280018ACFF7F01000000DCACFF7FE0FDFF7FA0
:10843800A4ADFF7F0100000070AEFF7FDCFDFF7F71
:1084480014AFFF7F0100000054AFFF7FECFDFF7FFA
:1084580084AFFF7F0100000050B0FF7FB0AA038007
:108468007CB0FF7F0100000014B1FF7FAB08B18032
:1084780030B1FF7F0100000064B3FF7FD4FDFF7FB0
:108488001CB4FF7F01000000E4B4FF7FD0FDFF7F34
:1084980050B5FF7FB0B0A880D8B5FF7F01000000BD
:1084A80008B6FF7FAB70808004B7FF7FB0B0A880AC
:1084B8003CB7FF7FAB08B180C8B7FF7FACFDFF7F3B
:1084C800A4BCFF7FCCFDFF7FACBCFF7F0100000098
:1084D800B4BCFF7FB0B0A880C4BCFF7F010000001F
:1084E800D4BCFF7FB0B0A88000BDFF7F01000000B2
:1084F80044BDFF7FB0B0AA8070BDFF7FB0B0A88038
:10850800D8BDFF7F0100000060BFFF7F9CFDFF7F9B
:10851800E0BFFF7FB0B0A880ECBFFF7FA8FDFF7F62
:108528006CC0FF7FBCFDFF7FD8C0FF7FB0B0A880C4
:1085380044C1FF7F0100000044C1FF7FB0FDFF7F01
:108548005CC1FF7FBCFDFF7F84C1FF7FC8FDFF7F4B
:10855800ACC1FF7FD4FDFF7FD4C1FF7F01000000C5
:1085680028C2FF7FD8FDFF7F14C3FF7F01000000F2
:10857800988CFE0FB0A90480248DFE0FB0B0A8809F
:10858800788DFE0F01000000808DFE0FB0B0AA802C
:10859800B08DFE0FD0FDFF7F808EFE0F0100000022
:1085A8007C8EFE0FAB3F3A80C88EFE0FB0B0A8801D
:1085B800D48EFE0FB0B0AA80108FFE0FB0B0A88086
:1085C800248FFE0F01000000208FFE0FB0B0A8809E
:1085D800288FFE0F01000000D88FFE0F94FDFF7F4B
:1085E8004890FE0F98FDFF7F1893FE0FB0B0A8804B
:1085F8003493FE0F94FDFF7FD895FE0F0100000015
:108608004897FE0F008404805897FE0FB0B0A880EA
:108618005897FE0F80FDFF7F449AFE0FB0A8038095
:10862800649AFE0FB0B0A8807C9AFE0F010000008B
:108638004876011054760110607601106C760110AE
:1086480078760110847601109076011078790110FF
:1086580030B50400101E0AD00A000D180221E36884
:108668001942FCD013780132A360AA42F7D1E3681B
:108678005B0704D50421A368E3681942FBD11021E4
:10868800E3681942FCD1E3685B0704D50421A368B9
:10869800E3681942FBD10123236230BDF0B5CE4611
:1086A800474605001E0018001C00042380B58946B3
:1086B80002279C4600282DD0002E2FD0EB681F42A1
:1086C80016D033000833A3420FD8002C29D1022337
:1086D800E9680B4232D1002E1CD0EB6800241F42FF
:1086E800FBD033000833A342EFD94B46013EAB60C1
:1086F800002CF0D06146EB68194215D1002EDDD16F
:108708000421EB681942FCD0AB68013C13700132BC
:10871800002CF5D1C0BCB946B046F0BD002CF9D04C
:10872800EEE7EB685B07C9D5AB68013C1370230023
:10873800511C88463343EDD04246BDE7310008312D
:10874800D3D1C5E710B5002405E0BFF35F8F1460EF
:1087580081F3108820BF0268EFF3108172B61368A6
:10876800002BFCD0BFF35F8F0422835E0268002BCE
:10877800EBDD013B8380BFF35F8F0023136081F340
:10878800108810BD30B50268EFF3108172B6136817
:10879800002BFCD0BFF35F8F0422835E0625445F65
:1087A80002689C420ADD01338380BFF35F8F002398
:1087B800136081F3108840BF012030BDBFF35F8F85
:1087C8000023136081F310880020F6E710B50268D3
:1087D800EFF3108C72B61368002BFCD0BFF35F8FD9
:1087E8000424025F036881808A4207DABFF35F8F3F
:1087F80000221A608CF3108840BF10BDBFF35F8F52
:1088080000221A608CF31088F7E7C046D02330B5F1
:1088180000251B0600245D5705E0BFF35F8F1C6031
:1088280081F3108820BF0268EFF3108172B61368D5
:10883800002BFCD0BFF35F8F027903687F2AECD945
:108848000571BFF35F8F00221A6081F3108830BD75
:1088580003000068EFF3108C72B60268002AFCD09F
:10886800BFF35F8F04229A56002A0BDB002900D041
:108878000A6000201B68BFF35F8F00221A608CF328
:1088880010887047D0221206126801201A71F1E789
:10889800F0B5C646150000B504001E000268EFF3E7
:1088A800108172B61368002BFCD0BFF35F8F0423CE
:1088B800E3562268002B2BDBBFF35F8F002010608C
:1088C80081F31088D02212061278002752B29046FF
:1088D8009A420ED1002080BCB846F0BDBFF35F8F2E
:1088E800176081F310882800310001F0FDFE002890
:1088F800F0D12268EFF3108172B61368002BFCD018
:10890800BFF35F8F237922687F2BE7D9434602E0C4
:10891800D0231B061B682371BFF35F8F00231360EE
:1089280081F310880120D6E7F0B5C64600B50D00E2
:10893800040001F091FEFA2206000F00002328002F
:108948000021920001F0C0FE36184F41002F02DAD4
:108958000126174F7642D0231B061B680025984630
:108968000AE0BFF35F8F156081F31088300039008B
:1089780001F0BAFE002818D12268EFF3108172B610
:108988001368002BFCD0BFF35F8F237922687F2BFD
:10899800E7D943462371BFF35F8F0023136081F348
:1089A8001088012080BCB846F0BD0020FAE7C04618
:1089B800FFFFFF7F0268EFF3108172B61368002B88
:1089C800FCD0BFF35F8FFF2303710368BFF35F8F92
:1089D80000221A6081F3108840BF704710B5084C18
:1089E8002378002B0AD18023064807495B051A68BB
:1089F800C25004338B42FAD10123237010BDC04604
:108A08006B4803200C2C03100001001010B5014B1B
:108A1800984710BD0D2C0320064B5A6802609A68CF
:108A28004260DA6882601A69C2605A6902619B69A9
:108A380043617047000002400268064B5A60426872
:108A48009A608268DA60C2681A6102695A6142698A
:108A58009A61704700000240034B1A68C0239B00CC
:108A68009343024A136070470C8001400C90014008
:108A7800054B1A6880239B005340C0229200134084
:108A8800024A13607047C0460C8001400C900140B8
:108A98000023F0B5DE4657464E4645469A46E0B5B1
:108AA80089B001900E00988A45491B8B140098479D
:108AB800534681464349988A1B8B984753464249F7
:108AC8000500988A1B8B98478046FFF787FF02A806
:108AD800FFF7A2FFC847A847FFF7CAFF251E22D005
:108AE8000823C0219C460220490562468B6A1A4029
:108AF80018423FD0631B002D2FD1002A11D1002C22
:108B080011D0C0235B059B4602239A46063399463B
:108B18005B464A4657469B6A1A401F4242D0002A83
:108B2800F6D0002C30D1FFF797FFC047FFF76EFF54
:108B380002A8FFF781FF09B0F0BCBB46B246A946C0
:108B4800A046F0BD002C2FD1C0225205926A914652
:108B580008224F463A40BF072DD50D2B1BD9002AB6
:108B6800F0D1C0225205926A914608224F463A40F7
:108B7800BF07F2D4002A04D12B002343002BB4D121
:108B8800D1E72B00002CF9D00B6E013C3370230089
:108B980001362B43F2E7019F013D3B7801370B6615
:108BA8000197E7E70025E5E7C0235B051B6E013C5D
:108BB8003370013699E72B00002ADFD1DCE7C04685
:108BC8004946000045580000464300000022154B66
:108BD80010B59A60DA601A615A619A61DA611A62AC
:108BE8005A629A62DA621A635A639A63DA631A6497
:108BF8005A649A64DA641A655A659A65DA651A6677
:108C08005A669A66DA661A675A679A67DA67F032B6
:108C180092000021044801F03FFD044B044A1A6009
:108C280010BDC04600001050302E0320543C0320D5
:108C380080011050F0B54E464546DE465746E0B531
:108C4800214B00249E6D012585B0002E22D01F4B9C
:108C58009A46012399461E4B984601E0202C19D0CC
:108C68002A00230001342F003240E4B26D00002AAC
:108C7800F4D0524697654A465B085B0022409B1831
:108C88005B01434418009B4600F01EFC002808D1F5
:108C9800BE43E3D105B0F0BCBB46B246A946A046E8
:108CA800F0BD5B46E0219A78DB8A01A88360002347
:108CB800C900018001210271437100F025FC58466A
:108CC80000F0A0FBE4E7C04600001150003011504E
:108CD800F02D03209823F0B5C646C84A00B5D558EC
:108CE80080232E009B02102484B01E401D4274D0A5
:108CF800C34BC44C9A6AC44B00261A603B23E35CFE
:108D0800022B00D14FE17B23E35C022B00D1F3E07F
:108D1800BB23E35C022B00D1FAE0FB23E35C022BCC
:108D280000D101E13C23FF33E35C022B00D12DE1AC
:108D38007C23FF33E35C022B00D10EE1BC23FF331D
:108D4800E35C022B00D13FE1FC23FF33E35C022B01
:108D580000D1F5E0AD4BE35C022B00D174E1AC4BE4
:108D6800E35C022B00D105E1AA4BE35C022B00D1A6
:108D780075E1A94BE35C022B00D132E1A74BE35C20
:108D8800022B00D1A0E1A64BE35C022B00D171E1DC
:108D9800A44BE35C022B00D1A1E1A34BE35C022BC3
:108DA80000D17FE1002E08D1A04B1B78002B04D105
:108DB80080219F4A90338902D150C02269468F4B47
:108DC80092009B6C80265B058A805B0D012101A8BF
:108DD800029300F099FB974CB602EB0600D57FE0B2
:108DE80080235B021D4231D01E4301230224984692
:108DF800844FBB7E002B14D001F026FC012800D93B
:108E080072E0C02200213800920100F001FB380016
:108E180000F0F8FA01F018FC012802D9844B5C66CE
:108E28001C664346FB702037012C22D1C0236A46BA
:108E3800DB009380804A02AB03CA03C3012101A867
:108E480000F062FB80227A4B92021A6580235B0154
:108E58001D4210D18023DB011D4223D180231B0238
:108E68001D422FD1AE4200D0C0E104B080BCB8464C
:108E7800F0BD0124BDE700241E43604B1C60FFF7D2
:108E8800A5FE80236A465B0093801472012101A825
:108E980000F03AFB8022664B12031A658023DB013F
:108EA8001D42DBD01E4380236A46DB0093800121EC
:108EB80001A800F029FB10225D4B1A6580231B02D4
:108EC8001D42CFD01E43A0236A46DB0093800121B8
:108ED80001A800F019FB8022554B12011A65C1E761
:108EE800FFF7A8FE26007BE7544B444A1C66536EE6
:108EF8002340A342FBD184E77833E75C002F00D1FD
:108F080006E70233E25C002A00D00DE13E00FFE6EE
:108F1800B833E75C002F00D1FFE60233E25C002A99
:108F280000D0F9E03E00F8E6F833E75C002F00D106
:108F3800F8E60233E25C002A00D041E13E00F1E6A7
:108F4800F933FF33E75C002F00D103E70233E25C1B
:108F5800002A00D02BE13E00FCE67933FF33E75CC2
:108F6800002F00D1EAE60233E25C002A00D015E1C6
:108F78003E00E3E6324BE75C002F00D1F4E6023313
:108F8800E25C002A00D001E13E00EDE63933FF3310
:108F9800E75C002F00D1CBE60233E25C002A00D068
:108FA800EBE03E00C4E63833E65C002E00D1AAE6CA
:108FB8000233E25C002A00D1A5E62000002220301E
:108FC800E25400F04DFA9EE6B933FF33E75C002F18
:108FD80000D1B9E60233E25C002A00D0C4E03E00CA
:108FE800B2E6184BE75C002F00D1C7E60233E25C1B
:108FF800002A00D0B0E03E00C0E6C0460000115094
:1090080000400540F02D0320B82D03203B0200004E
:109018007B020000BB020000FB0200003B030000D3
:109028007B030000BB030000FB030000694803202A
:1090380000301150100002000000105000201150A4
:109048007A020000FA0200006B4BE75C002F00D1A7
:1090580085E60233E25C002A76D13E007FE6674B64
:10906800E75C002F00D184E60233E25C002A63D17A
:109078003E007EE6624BE75C002F00D188E60233B3
:10908800E25C002A00D0A3E05E4BE35C022B30D107
:109098005D4BE35C002B27D15C4BE35C022B00D0DB
:1090A8008BE63E005A4BE35C002B00D17AE6FF23A7
:1090B8009B00E25C002A00D17FE60022E2541C3BC0
:1090C800E01800F0CDF978E6524BE75C002F00D1AC
:1090D80059E60233E25C002A16D13E0053E64A4BB9
:1090E800E35C002B00D158E6EF239B00E25C002AEA
:1090F80075D1464BE35C022B00D05EE6444BE35C43
:10910800002B00D159E6D2E70022E2541C3BE018BC
:1091180000F0A6F93E0036E620000022A030E25416
:109128003E0000F09DF9F8E5200000226030E2548E
:109138003E0000F095F9EBE50022E2541C3BE018F4
:1091480000F08EF93E0014E60022E2541C3BE018C1
:1091580000F086F93E0002E60022E2541C3BE018CB
:1091680000F07EF93E0009E620000022A130FF3021
:10917800E2543E0000F074F9E6E5200000222130B8
:10918800FF30E2543E0000F06BF9D1E50022E254D2
:109198001C3BE01800F064F93E00E5E520000022E1
:1091A8006130FF30E2543E0000F05AF9C6E5200075
:1091B8000022E130FF30E2543E0000F051F9C9E5E9
:1091C80020000022E030E2543E0000F049F9A9E511
:1091D8000022E2541C3BE01800F042F954E7002258
:1091E800E2541C3BE01800F03BF982E731000A48E2
:1091F800694001F071FAC0463A020000BA02000064
:109208007A030000BB030000BA030000FB03000060
:10921800FA0300003A0300000C6C0110F0B5C646D2
:1092280000B50200838A008B8C46011C984200D945
:10923800191CD47880252000461EB04189B2ED0063
:109248000D434003284301256C405B1AD4705478C1
:109258009BB29382002C31D16446D568A4014E1E7E
:109268002D19B0461469002923D0062E32D92B00B7
:1092780023439B072ED1631CEB1A022B2AD9002308
:109288008F08BF00E658EE5004339F42FAD1434698
:10929800ED19DB1BE419B94209D026782E70002B92
:1092A80005D066786E70012B01D0A378AB70146975
:1092B800938A64181461802212021043002B02D191
:1092C8008023DB0118436346002B00D0000480BCD8
:1092D800B846F0BD0023E65CEE5401339942FAD15A
:1092E800E5E7C0468368F0B51A680400002900D095
:1092F800120C63789205900D002B08D1E38AC318ED
:10930800E382238B834201D90023A382F0BDE36863
:10931800890125695E18471E002822D0062F26D904
:1093280001315B18EB1A022B21D92B0033439B0721
:109338001DD10023120E9200F158E95004339A42CD
:10934800FAD1BF1AAD18B618904209D032782A70EF
:10935800002F05D072786A70012F01D0B278AA70F8
:109368002569E38A2D18C318E3822561C9E700221D
:10937800B35CAB5401329042FAD12569F1E7C0469B
:1093880010B50400836800211B68FFF7ABFF636812
:109398001B685B0002D5238B834200D010BD0121DE
:1093A8002000FFF79FFFF9E7084A0300126C00202E
:1093B800920703D49A78D209012A00D07047D87E40
:1093C800023843425841C0B2F8E7C0460000115085
:1093D80010B5FFF7E9FF00280CD00749074B8C466A
:1093E800074A9B6A126863449B1A0020C6229A4265
:1093F8004041C0B210BDC046E0FCFFFF0040054040
:10940800B82D032000238376436103617047C0466B
:1094180010B58368002901D01C682140002A12D0A9
:109428008024E400114322420DD01A6822420CD154
:10943800084A0A401A60084A126C920703D40C239F
:10944800033BFDD28368196010BD8178034801F0A1
:1094580043F9C046FFFBFFFF00001150206C0110CC
:10946800436870B50021802504001E68FFF7D6FE0A
:10947800124B6D011A6C0543A37892070ED55B0653
:109488000ED00F4B1E4080239B053343626800219A
:10949800136020002A00FFF7BBFF70BDDB09F0D086
:1094A800A38A002BEDD001212000FFF7B7FEA023EF
:1094B800044ADB05324005431343E7E70000115037
:1094C800FFFFFFAFFFFFFFDF70B5857E0400002DB3
:1094D80014D0FFF755FFA38A002B01D1280070BDD7
:1094E8002000FFF775FF002803D00123002523770C
:1094F800F4E72000FFF7B4FF0025EFE78178014883
:1095080001F0EAF8406C0110F0B5CE46474680B548
:10951800437805000E0085B0062B08D86C4A9B00DE
:10952800D3589F466B4A13780133DBB213706A4BEA
:109538001C686269EFF3108172B61368002BFCD0C7
:10954800BFF35F8FA1612000290001F08DF86269E7
:10955800A369BFF35F8F0021116083F3108800288F
:1095680004D105B0C0BCB946B046F0BD3200697838
:10957800287801F081F8F4E70121584B1A788A43DA
:109588001A701A7801318A431A7000225A701A78B0
:1095980002318A431A70CAE75149524F89465249E3
:1095A8000024002388463A7812E043461B6861018C
:1095B8005B18002B06D0DB69002B03D0696828787C
:1095C80098473A780134E4B2511C2300A14217DBD2
:1095D800A242EAD89B1A5B014B44ECE73F4B1A784E
:1095E800D207BED504211A780A431A709FE73B4B6D
:1095F8001A78D207B5D504211A788A431A7096E7E3
:10960800364F3B785B072BD504223B7800219343E8
:109618003B706B460632981D01F03EF82B7801AC82
:109628002370052363702C4B1B6898465A69EFF327
:10963800108172B61368002BFCD0BFF35F8F4346CE
:1096480040469961210001F00FF843465A699B6929
:10965800BFF35F8F0021116083F31088002831D198
:10966800FB78DB0700D47CE76B460A220021981DB3
:1096780001F012F82B7801AC2370032363706B6838
:109688006360154B1D686A69EFF3108172B6136841
:10969800002BFCD0BFF35F8FA9612800210000F0E8
:1096A800E3FF6A69AB69BFF35F8F0021116083F341
:1096B8001088002800D154E732006178207800F043
:1096C800DBFF4EE732006178207800F0D5FFC7E76E
:1096D800907A01106A48032044280320EC270320CD
:1096E800AC7A0110684803203C2603207047C04626
:1096F80003685A0004D5802212061343C018704725
:109708005B005B08FAE7C046F8B54E464546DE46BC
:10971800574680469146E0B500292AD04B1E9B4605
:109728009A4600275346FB18DC0FE418434664109A
:10973800E5005E193000FFF7DBFFA34510D0484570
:1097480009D8083528004044FFF7D2FF01384845BA
:1097580008D2671CE6E7A7420BD0631E9A46E1E7EA
:109768004845F8D83000F0BCBB46B246A946A046EA
:10977800F8BD0026F6E7C0460300012808D00228F5
:1097880004D00020002B00D1024870470248FCE7B3
:109798000248FAE7091900202119002015190020AC
:1097A80030B5214B050085B08C1E002B26D020003B
:1097B80003A900E000BF00281DD003992200FFF78D
:1097C800A3FF041E17D0FFF793FF6368A864012B5B
:1097D80027D0201D002B22DBFFF78AFF00232B65F3
:1097E8000368E864002B0FDBFFF782FF030000200B
:1097F8002B6105B030BD00230920F9E70B4B0C485D
:109808001B1AD9100391D9E71801000FFFF7B4FF0D
:1098180003005A425A41092052421040E8E7012306
:10982800DDE700230520E3E700000000388601108B
:10983800A8830110036810B50400DA0705D49B0754
:109848000AD5503000F0AAFC23685A070AD51A072F
:109858000FD5DB0615D510BD503000F09BFC2368F2
:109868005A07F4D42000D83000F09CFC23681A076B
:10987800EFD420005930FF3000F098FC2368DB0655
:10988800E9D42000D930FF3000F094FCE3E7C0466B
:1098980003000068002800D0C01870477047C04611
:1098A80070B504000D002000296CFFF779FF00282F
:1098B80011D12B6C2A00636121000120236998478C
:1098C8000828F0D0072806D10020296CFFF7E6FF0A
:1098D800281D00F049FCFFDEF0B5DE464E4657462F
:1098E8004546E0B5C368314C9946A54483690500EF
:1098F80016000431402203A89A4600F0FDFE00231A
:1099080002937CAB9B4602AC23E0F422236C21003B
:109918006B615200584600F0EFFE5A4629002B6949
:10992800404698475B469B6B0700A36453462A0052
:10993800019331002B0001200094C84700282CD146
:10994800F42259462000520000F0D6FE0026082FC7
:1099580021D12800216CFFF723FF0936F3B2071E37
:109968009846D2D0A36B1021A36443460B43190039
:1099780053462A00019301202B000094C847002871
:109988000BD13800F7239B009D44F0BCBB46B24680
:10999800A946A046F0BD072F01D00927F1E73000FE
:1099A800216CFFF77BFF03A800F0DEFB24FCFFFF20
:1099B800806C7047F0B5CB6BFBB005000B640F00F3
:1099C8004022043101A800F097FE01235B426E4655
:1099D800009306E0320029002B6998470400082804
:1099E80008D12800316CFFF7DBFE0028F2D00920EF
:1099F8007BB0F0BD3000FFF71DFF062CF7D1390012
:109A08002800FFF74DFFC04610B58261DA6BC160D0
:109A18001A6419000022FFF75FFF10BD436970B593
:109A28000B64C36804000D00002B13D10A000369FE
:109A3800010002209847072805D008280ED12900E0
:109A48002000FFF72DFF0020296CFFF727FF281DB6
:109A580000F08AFB0122FFF73FFFFFDEFFDEC04672
:109A6800C36810B5002B05D0CB6B00220B64FFF741
:109A780033FF10BDFFF79EFF0920FAE77047C04685
:109A88008368010010B5002B01D00120984710BD54
:109A9800042908D802291AD800290BD0481E431EC9
:109AA80098410130704705290FD1436C009A002076
:109AB8001360F7E7002B08D10F2A06D89200801808
:109AC8004368009A00201360ECE70220EAE70120CF
:109AD800E8E7C04600B585B003AB0A000093002153
:109AE8000023FFF7D5FF039805B000BD042908D867
:109AF80002291AD800290BD0481E431E984101306C
:109B0800704705290FD1009B1B6843640020F7E7C5
:109B1800002B08D10F2A06D8009B92001B688018DA
:109B280043600020ECE70220EAE70120E8E7C046AE
:109B380000B585B003AB039200930A00002300210F
:109B4800FFF7D4FF05B000BDF0B5C64600B51B4C05
:109B5800D36BA544070013640E0017A8111D4022FB
:109B680000F0CAFD01235B426D46169316AC13E064
:109B78000C2120002A00FFF7DBFF31002000B84746
:109B880000280FD1220029002B6908309847804609
:109B9800052809D0092805D02800216CFFF700FE08
:109BA8000028E5D0092398462000FFF743FE4046E9
:109BB80090239B009D4480BCB846F0BDC0FDFFFFCC
:109BC800F0B5454657464E46DE46E0B50D00032142
:109BD800EC6C8BB0160004CC07AF9446B846014035
:109BE8000894002B21D0170C424657726246120483
:109BF8000792FF223A409200A418022247463A727E
:109C0800022900D1AC6B2A6DD20713D5414630002A
:109C180000F076FB002800D0D6E008200BB0F0BC9E
:109C2800BB46B246A946A046F0BD120207927B7217
:109C38000322E3E722689346002AE7D0082202407D
:109C4800039200220127AA46B14604920291019389
:109C5800019B022B48D0238865889B4604345346D1
:109C68002E009B6C0F214846BE43F618FFF732FFC3
:109C78000023864205D85B46BB439B1998429B410B
:109C88005B4202226D0015405A463A401543012DA9
:109C980044D0022D2BD0002D00D095E0029A002A46
:109CA80002D0002B00D0B8E0043423689B46002B78
:109CB800CED14E464146300000F022FB002800D0AD
:109CC80082E0049B002BA8D00F213000FFF702FF91
:109CD8000E2102003000FFF72BFF30000F216D4AE4
:109CE800FFF726FF072099E765680834B7E7256876
:109CF8006A0052089346029A002A49D1002B05D0DF
:109D0800039B002B62D05B46002B5FD0002D00DA4E
:109D180004345B4601339B00E418C6E7029A002A24
:109D280019D1002B15D025686368ED0F9A1C4BD00C
:109D3800524658320692013300D19AE0201DFFF7AF
:109D4800A7FD2A00010006AB504600F0ADFC002834
:109D580077D10834A9E753460D2148461D6AFFF715
:109D6800B9FE8542F5D153469B6A9C42F1D15546CE
:109D78004E462000FFF7BCFC0F2102003000FFF721
:109D8800D7FE30002A000021FFF7D2FE072045E762
:109D980053460D2148461E6AFFF79CFE8642B5D100
:109DA80053469B6A9C42B1D153465A469A625246E0
:109DB8000023D36204331363231D53632368002BEA
:109DC80061DB01230493A4E7092027E758235344C0
:109DD80005935B46261DA34600251C000EE0059B47
:109DE80030000693FFF754FD0022010006AB5046F1
:109DF80000F05AFC01350436002835D1A542EED1D1
:109E08004E460D213000FFF765FE55465C46069B21
:109E180028626B620620AC6200E72000FFF768FC4E
:109E2800554604340700AC6328004E4600F02CFC6D
:109E38000028C9D030003A000F21FFF779FE07202B
:109E4800ECE64E4681460D213000FFF743FE5546AD
:109E58004B46069F2862022B02D1EF622F002C3757
:109E680006206F62AC62D9E623005C469B462568F3
:109E78004CE74E460D21300055469246FFF72AFE24
:109E880057462862ECE758460130800055464E4652
:109E980020186FE79147011010B50023FFF790FED7
:109EA80010BDC04610B50123FFF78AFE10BDC0469D
:109EB80010B50223FFF784FE10BDC046F0B5464634
:109EC800D6464F46C0B5050014001E00C2B005298D
:109ED80007D8A44B89005B589F461B19102B00D844
:109EE800B2E0022042B0E0BCBA46B146A846F0BD96
:109EF800836B002AF5D104CB426483630020F1E729
:109F0800002EEED1002301271604826B360C011DAA
:109F180038009840064201D001CA08600133043174
:109F2800102BF5D1A404E9D40020AA63DAE7032EA4
:109F3800D7D11404160C240C3319102BD1D80822AD
:109F480003681A4200D0D6E020AF380000F030F99C
:109F5800AB6B61009C46F6004A1E00290AD0F61A2F
:109F6800043EBE191800006804339851013AF9D22A
:109F7800E400A44463463800AB6300F017F90020FE
:109F8800B0E7130C14049846240C012EA5D0052E16
:109F9800A7D11F19202FA4D80F2B00D88CE0002C94
:109FA800ACD004220368A2461A4204D0934303604B
:109FB800D83000F0F9F8E946684600F0F5F8A96BE2
:109FC800534647465C00102F00D21027013C220060
:109FD8000023103FFF004F44C858F8500433013A9B
:109FE800FAD20431A400091920AF012E00D1A5E04E
:109FF8004346A9630F2B00D8A7E0484600F0D2F8E3
:10A0080000206FE7002E00D06BE7102A00D968E720
:10A01800102203681A4267D120AF380000F0CCF84C
:10A02800012639000023AA6B30009840044201D071
:10A0380001CA086001330431042BF5D13800AA6342
:10A0480000F0B8F800204DE74346102B00D148E750
:10A0580003681E4206D00322280093432B60503029
:10A0680000F09AF820AF380000F096F8A96B002CA1
:10A0780064D000239A4643466200DC00531E99468A
:10A088001A0000233C19C858E0500433013AFAD2A8
:10A098004B4604319B0059185346E946002B8FD193
:10A0A800012E4BD04346A9630F2B00D926E7380071
:10A0B80000F074F8002015E7012211000368194028
:10A0C800102F1FD8002907D09343022228001343DA
:10A0D8002B60503000F064F820AF380000F060F8D2
:10A0E800002CE4D0A96BC4E793430360D930FF3058
:10A0F80000F062F890E7934303605930FF3000F0B6
:10A1080057F821E7002907D093430222134303603D
:10A11800503000F045F82B685A071AD410235B42D8
:10A128009A46BA4420AF380000F03AF8684600F082
:10A138003BF810244346A96BE41A9CE70431380025
:10A14800A96300F027F80020CCE620A800F026F844
:10A1580053E70422280093432B60D83000F024F8FA
:10A16800DCE7C046782100200100343138C9043BBF
:10A178009C461D60A646010020313CC99046994680
:10A18800A246AB4601000831FCC941680068E546B3
:10A1980000BDC0467047C0467047C0467047C046BD
:10A1A8007047C0467047C0467047C0467047C046B3
:10A1B8007047C0467047C0467047C04601B401A802
:10A1C80001B585B0FFB408A841464A4653465C46E7
:10A1D80065463EC001A83EC80F98009000230CB405
:10A1E80001A9FFF7E7FB109B12B0184701B401A8BB
:10A1F80001B585B0FFB408A841464A4653465C46B7
:10A2080065463EC001A83EC80F98009000230CB4D4
:10A2180001A9FFF703FC109B12B0184701B401A86D
:10A2280001B585B0FFB408A841464A4653465C4686
:10A2380065463EC001A83EC80F98009000230CB4A4
:10A2480001A9FFF70DFC109B12B0184701B401A833
:10A2580001B585B0FFB408A841464A4653465C4656
:10A2680065463EC001A83EC80F98009000230CB474
:10A2780001ABFFF7C9FB109B12B0184701B401A846
:10A2880001B585B0FFB408A841464A4653465C4626
:10A2980065463EC001A83EC80F98009000230CB444
:10A2A80001AAFFF751FC109B12B01847027A03006D
:10A2B800002A0BD1427A002A0FD0013A4272426832
:10A2C800111D416003211268017202E0013A027215
:10A2D8000268100E12021A607047B020FCE7C046F0
:10A2E80000B585B003AB00930C2200230021FFF7D3
:10A2F800CFFB039805B000BD10B5FFF7F1FF10BD07
:10A30800F0B50023454657464E46DE469846E0B52A
:10A3180006000D000F2785B02800FFF7C7FF0400CF
:10A32800B02800D128E1030637D50300BB43DBB2D0
:10A33800A02B00D18DE012D8802B69D0902B24D18E
:10A348000D2303400D2B20D00F2202AC0240002326
:10A35800002130000094FFF79BFB009433E0B02B02
:10A368006DD0C02B39D0072203009343DBB2D02B2A
:10A378000BD18023024001321B031A43012105231C
:10A388003000FFF79BFD0028C6D0092005B0F0BCBF
:10A39800BB46B246A946A046F0BDFF238200134043
:10A3A80004339A4602AB0D220093994600210023FC
:10A3B8003000FFF76DFB5346029A9B18640609D4D8
:10A3C80002934B46009300230D2200213000FFF733
:10A3D8008DFBA1E75346D31AF2E7C62800D1ACE0BB
:10A3E800C72800D1CDE0F8230340C02B00D1DAE024
:10A3F800C82800D1DDE0C928C7D12800FFF756FFDB
:10A40800F0220303120313400F2202400132B4E783
:10A4180004022800FFF74AFF802304431B029C42E2
:10A42800B3D02405002300213000220CFFF746FD9D
:10A438000028AAD14346E40F234398466CE703005B
:10A448004F33DBB2042B00D98BE0694A9B00D35809
:10A458009F46FF21072309010A0083431A410A4046
:10A46800240702D58023DB011A4300230021300092
:10A47800FFF724FD002800D14EE786E700230022DD
:10A4880005213000FFF71AFD002800D144E77CE7DA
:10A498002800FFF70BFFF0220303120313400F22DB
:10A4A800024001321A43012101233000FFF706FD63
:10A4B800002800D130E768E702AB0D2200210093A5
:10A4C800994630000023FFF7E3FA2800FFF7EEFE75
:10A4D80043B2029C002B00DB87E002239A467D33BF
:10A4E8009B465B4618405346984007239C462418D1
:10A4F80028000294E244FFF7D9FE43B2002BF0DBB8
:10A508005346984081239B009C464B46644400195F
:10A518000290009357E72800FFF7C8FE431EDBB2FE
:10A5280002000E2BA1D930E703AB00930D220023C4
:10A5380000213000FFF7ACFAEEE62800FFF7B6FE80
:10A54800F0220303120313400F22024001321A4380
:10A55800032103233000FFF7B1FC002800D1DBE61C
:10A5680013E7FC230340B42B00D10EE70723802216
:10A5780003400133120395E74346002B25D0002002
:10A5880004E72800FFF792FE431EDBB202000E2B01
:10A5980000D9FAE6002304213000FFF78FFC0028D9
:10A5A80000D1B9E6F1E6A022B13B03400133120322
:10A5B800CDE72800FFF77AFE0F2302009A43D2B2B4
:10A5C8001032034012030133D7E602AC0E220021F9
:10A5D80030000094FFF75CFA00230F2200213000BE
:10A5E8000094FFF783FA0020D0E602239A4687E713
:10A5F80090210020030010B5DA6C84B0536808007D
:10A6080008320292032201A91C021B0E01940A724D
:10A618004B72FFF775FE04B010BDC04610B5FFF7CA
:10A628006BFE806C10BDC04610B5FFF765FEC06CB0
:10A63800C3799B000833C01810BDC04610B500F0A0
:10A648003BF810B5FFF7FAFF01B40248844601BC95
:10A65800604700BF81B1001001B40248844601BCC4
:10A66800604700BFA9C2001001B40248844601BC7B
:10A67800604700BF1527011001B40248844601BC99
:10A68800604700BFB50C011001B40248844601BC04
:10A69800604700BFA538011001B40248844601BCD8
:10A6A800604700BFB1E3001001B40248844601BC12
:10A6B800604700BFE537011001B40248844601BC79
:10A6C800604700BFD954011001B40248844601BC58
:10A6D800604700BF5DDE001001B40248844601BC3B
:10A6E800604700BF8DB1001001B40248844601BC28
:10A6F800604700BF49C1001001B40248844601BC4C
:10A70800604700BFBDE3001070190020F219002057
:10A71800521900209E190020741A00206019002088
:10A72800861F0020281F0020001F0020EC1E00208C
:10A73800981F0020000000000000044009000000ED
:10A74800000004400D0000007077D6BDCD3E9F3E4E
:10A75800C712D6BDFE987E3FC3F51C41CDCCCC3C7C
:10A768000000003E295C0F3DCDCC4C3FCDCCCC3C0D
:10A778000050C3476F1283390050C3478FC2753DDD
:10A78800CDCCCC3C0AD7233C01000000CDCC4C3DBD
:10A79800CDCCCC3D000034430000803F01100000C8
:10A7A80000000000000001000000000000000000A0
:10A7B800000002000000000000000000000003008C
:10A7C80000000000000000000000FF000000000082
:10A7D80001B5486801318E4600477046093801497D
:10A7E800884701BD95B80010000000000000000077
:10A7F800000000000000000000000000282A0020DF
:10A8080000800440000000000040044000000000F8
:10A81800503300004C330000543300005233000022
:10A828004D5300004D4300005334000043340000F2
:10A8380075040110290401109D030110150301106E
:10A8480000000000000100004828032010000C0050
:10A8580000000000000000000000000000000000F0
:10A8680000000000FF000000A07C0110787C0110AF
:10A878007D410110D9540110FFFFFFFF00000200C5
:10A888000000000000000000F0220020F02200205C
:10A89800F8220020F82200200023002000230020B6
:10A8A8000823002008230020102300201023002064
:10A8B8001823002018230020202300202023002014
:10A8C80028230020282300203023002030230020C4
:10A8D8003823002038230020402300204023002074
:10A8E8004823002048230020502300205023002024
:10A8F80058230020582300206023002060230020D4
:10A908006823002068230020702300207023002083
:10A918007823002078230020802300208023002033
:10A9280088230020882300209023002090230020E3
:10A938009823002098230020A0230020A023002093
:10A94800A8230020A8230020B0230020B023002043
:10A95800B8230020B8230020C0230020C0230020F3
:10A96800C8230020C8230020D0230020D0230020A3
:10A97800D8230020D8230020E0230020E023002053
:10A98800E8230020E8230020F0230020F023002003
:10A99800F8230020F82300200024002000240020B1
:10A9A800082400200824002010240020102400205F
:10A9B800182400201824002020240020202400200F
:10A9C80028240020282400203024002030240020BF
:10A9D800382400203824002040240020402400206F
:10A9E800482400204824002050240020502400201F
:10A9F80058240020582400206024002060240020CF
:10AA0800682400206824002070240020702400207E
:10AA1800782400207824002080240020802400202E
:10AA280088240020882400209024002090240020DE
:10AA38009824002098240020A0240020A02400208E
:10AA4800A8240020A8240020B0240020B02400203E
:10AA5800B8240020B8240020C0240020C0240020EE
:10AA6800C8240020C8240020D0240020D02400209E
:10AA7800D8240020D8240020E0240020E02400204E
:10AA8800E8240020E8240020F0240020F0240020FE
:10AA9800F8240020F82400200025002000250020AC
:10AAA800082500200825002010250020102500205A
:10AAB800182500201825002020250020202500200A
:10AAC80028250020282500203025002030250020BA
:10AAD800382500203825002040250020402500206A
:10AAE800482500204825002050250020502500201A
:10AAF80058250020582500206025002060250020CA
:10AB08006825002068250020702500207025002079
:10AB18007825002078250020802500208025002029
:10AB280088250020882500209025002090250020D9
:10AB38009825002098250020A0250020A025002089
:10AB4800A8250020A8250020B0250020B025002039
:10AB5800B8250020B8250020C0250020C0250020E9
:10AB6800C8250020C8250020D0250020D025002099
:10AB7800D8250020D8250020E0250020E025002049
:10AB8800E8250020E8250020F0250020F0250020F9
:10AB9800F8250020F82500200026002000260020A7
:10ABA8000826002008260020102600201026002055
:10ABB8001826002018260020202600202026002005
:10ABC80028260020282600203026002030260020B5
:10ABD8003826002038260020402600204026002065
:10ABE8004826002048260020502600205026002015
:10ABF80058260020582600206026002060260020C5
:10AC08006826002068260020702600207026002074
:10AC18007826002078260020802600208026002024
:10AC280088260020882600209026002090260020D4
:10AC38009826002098260020A0260020A026002084
:10AC4800A8260020A8260020B0260020B026002034
:10AC5800B8260020B8260020C0260020C0260020E4
:10AC6800C8260020C8260020D0260020D026002094
:10AC7800D8260020D8260020E0260020E026002044
:10AC8800E8260020E8260020002700200000000019
:10AC98000000000078320020E03200204833002015
:10ACA800000000000000000000000000000000009C
:10ACB800000000000000000000000000000000008C
:10ACC800000000000000000000000000000000007C
:10ACD800000000000000000000000000000000006C
:10ACE800000000000000000000000000000000005C
:10ACF800000000000000000000000000000000004C
:10AD0800000000000000000000000000000000003B
:10AD1800000000000000000000000000000000002B
:10AD2800000000000000000001000000000000001A
:10AD38000E33CDAB34126DE6ECDE05000B000000DF
:10AD480000000000000000000000000000000000FB
:10AD580000000000000000000000000000000000EB
:10AD680000000000000000000000000000000000DB
:10AD780000000000000000000000000000000000CB
:10AD880000000000000000000000000000000000BB
:10AD980000000000000000000000000000000000AB
:10ADA800000000000000000000000000000000009B
:10ADB800B033002000000000000000000000000088
:04ADC8000000000087
:04000005100001E9FD
:00000001FF
